time_s,x_mm,y_mm,z_mm
11.559592485427856,0.0,0.0,0.0
11.581540822982788,0.0,0.0,-0.00032
11.603692531585693,0.0,0.0,-0.0015040000000000001
11.625718116760254,0.0,0.0,-0.0035808000000000003
11.647682666778564,0.0,0.0,-0.006556160000000001
11.669789552688599,0.0,0.0,-0.010431232000000002
11.691247940063477,0.0,0.0,-0.0154462464
11.713576555252075,0.0,0.0,-0.02116924928
11.736490488052368,0.0,0.0,-0.027993849856000005
11.758271217346191,0.0,0.0,-0.036078769971200006
11.780821323394775,0.0,0.0,-0.04473575399424
11.802944898605347,0.0,0.0,-0.054627150798848
11.824479818344116,0.0,0.0,-0.0654054301597696
11.845751762390137,0.0,0.0,-0.07684108603195391
11.867624521255493,0.0,0.0,-0.08808821720639078
11.889492988586426,0.0,0.0,-0.09889764344127816
11.911105394363403,0.0,0.0,-0.10897952868825564
11.933252096176147,0.0,0.0,-0.11795590573765113
11.955099821090698,0.0,0.0,-0.12607118114753024
11.976484060287476,0.0,0.0,-0.13329423622950606
11.998239517211914,0.0,0.0,-0.1394588472459012
12.019915103912354,0.0,0.0,-0.14477176944918024
12.041548013687134,0.0,0.0,-0.14911435388983604
12.06314468383789,0.0,0.0,-0.15254287077796722
12.084829092025757,0.0,0.0,-0.15498857415559344
12.106007099151611,0.0,0.0,-0.1565977148311187
12.129188776016235,0.0,0.0,-0.15731954296622375
12.151163101196289,0.0,0.0,-0.15746390859324474
12.173036336898804,0.0,0.0,-0.15749278171864894
12.196778535842896,0.0,0.0,-0.15749855634372978
12.219765424728394,0.00136,0.0,-0.15749971126874596
12.240880250930786,0.0074719999999999995,0.0,-0.1574999422537492
12.26247525215149,0.0186144,0.0,-0.15749998845074983
12.283634424209595,0.03524288,0.0,-0.15749999769014997
12.305925607681274,0.055048576,0.0,-0.15749999953803
12.327882289886475,0.07668971520000001,0.0,-0.157499999907606
12.349465370178223,0.09821794304,0.0,-0.1574999999815212
12.371108531951904,0.11956358860800001,0.0,-0.15749999999630424
12.393064498901367,0.1409527177216,0.0,-0.15749999999926084
12.41482400894165,0.16235054354432,0.0,-0.15749999999985217
12.43720293045044,0.183750108708864,0.0,-0.15749999999997044
12.460161209106445,0.20563002174177283,0.0,-0.1574999999999941
12.482004642486572,0.22800600434835458,0.0,-0.1574999999999988
12.504178285598755,0.24976120086967094,0.0,-0.15749999999999975
12.525532960891724,0.2714722401739342,0.0,-0.15749999999999995
12.547081708908081,0.29269444803478684,0.0,-0.1575
12.569106817245483,0.31381888960695736,0.0,-0.1575
12.59050726890564,0.3354037779213915,0.0,-0.1575
12.612627506256104,0.3565207555842783,0.0,-0.1575
12.634500741958618,0.3781841511168557,0.0,-0.1575
12.656177043914795,0.3996368302233712,0.0,-0.1575
12.677430152893066,0.4210473660446743,0.0,-0.1575
12.699854373931885,0.44204947320893484,0.0,-0.1575
12.72292184829712,0.463929894641787,0.0,-0.1575
12.744027853012085,0.48638597892835744,0.0,-0.1575
12.765942573547363,0.5075171957856716,0.0,-0.1575
12.787340641021729,0.5289434391571344,0.0,-0.1575
12.809294700622559,0.550108687831427,0.0,-0.1575
12.83109188079834,0.5715417375662853,0.0,-0.1575
12.853516817092896,0.5930283475132572,0.0,-0.1575
12.876049041748047,0.6149256695026515,0.0,-0.1575
12.897944927215576,0.6370651339005303,0.0,-0.1575
12.919829368591309,0.6586930267801061,0.0,-0.1575
12.941532135009766,0.6802986053560213,0.0,-0.1575
12.964230060577393,0.7018997210712042,0.0,-0.1575
12.98573637008667,0.7237399442142408,0.0,-0.1575
13.007323265075684,0.7450679888428482,0.0,-0.1575
13.029276132583618,0.7663735977685697,0.0,-0.1575
13.052147150039673,0.787834719553714,0.0,-0.1575
13.073456525802612,0.8101269439107428,0.0,-0.1575
13.095663070678711,0.8313053887821487,0.0,-0.1575
13.117659568786621,0.8530610777564298,0.0,-0.1575
13.139340162277222,0.874772215551286,0.0,-0.1575
13.161288261413574,0.8961544431102573,0.0,-0.1575
13.18375539779663,0.9177108886220515,0.0,-0.1575
13.207019567489624,0.9396221777244104,0.0,-0.1575
13.228960752487183,0.9623244355448821,0.0,-0.1575
13.251107215881348,0.9840648871089765,0.0,-0.1575
13.272937536239624,1.0058529774217955,0.0,-0.1575
13.295681715011597,1.0273305954843592,0.0,-0.1575
13.317504644393921,1.0495461190968718,0.0,-0.1575
13.339385509490967,1.0711892238193745,0.0,-0.1575
13.361809492111206,1.092717844763875,0.0,-0.1575
13.383801937103271,1.1147035689527751,0.0,-0.1575
13.405811309814453,1.136300713790555,0.0,-0.1575
13.427455186843872,1.157980142758111,0.0,-0.1575
13.44923710823059,1.1793560285516222,0.0,-0.1575
13.470826148986816,1.2008312057103245,0.0,-0.1575
13.492486000061035,1.222086241142065,0.0,-0.1575
13.514338254928589,1.243297248228413,0.0,-0.1575
13.536041498184204,1.2648194496456826,0.0,-0.1575
13.557563781738281,1.2861638899291368,0.0,-0.1575
13.579162120819092,1.3073127779858276,0.0,-0.1575
13.601671695709229,1.3285825555971655,0.0,-0.1575
13.623127937316895,1.3504365111194332,0.0,-0.1575
13.644505500793457,1.3717673022238865,0.0,-0.1575
13.667255878448486,1.3928334604447772,0.0,-0.1575
13.689382553100586,1.4149666920889556,0.0,-0.1575
13.710908889770508,1.436753338417791,0.0,-0.1575
13.732641458511353,1.4581506676835583,0.0,-0.1575
13.754337072372437,1.4795501335367118,0.0,-0.1575
13.776565551757812,1.5008700267073425,0.0,-0.1575
13.798624753952026,1.5224940053414686,0.0,-0.1575
13.820287227630615,1.544258801068294,0.0,-0.1575
13.842065572738647,1.565651760213659,0.0,-0.1575
13.863890171051025,1.587050352042732,0.0,-0.1575
13.885419130325317,1.6084500704085465,0.0,-0.1575
13.90718388557434,1.6296900140817094,0.0,-0.1575
13.929970741271973,1.651058002816342,0.0,-0.1575
13.951455354690552,1.6732516005632687,0.0,-0.1575
13.97246241569519,1.6945703201126538,0.0,-0.1575
13.994065284729004,1.7153940640225307,0.0,-0.1575
14.015879154205322,1.7365188128045062,0.0,-0.1575
14.037588596343994,1.7579437625609013,0.0,-0.1575
14.059420824050903,1.7792687525121804,0.0,-0.1575
14.081240892410278,1.8007337505024363,0.0,-0.1575
14.102608442306519,1.8221467501004873,0.0,-0.1575
14.124024391174316,1.8432293500200976,0.0,-0.1575
14.145501136779785,1.8643258700040197,0.0,-0.1575
14.169042825698853,1.885345174000804,0.0,-0.1575
14.191377878189087,1.9081890348001609,0.0,-0.1575
14.2129225730896,1.9302778069600321,0.0,-0.1575
14.234851121902466,1.9518955613920066,0.0,-0.1575
14.256654500961304,1.9732591122784013,0.0,-0.1575
14.278568267822266,1.9946518224556804,0.0,-0.1575
14.300639390945435,2.0161303644911364,0.0,-0.1575
14.32411503791809,2.0377860728982276,0.0,-0.1575
14.346094369888306,2.0605972145796456,0.0,-0.1575
14.369413614273071,2.0825194429159293,0.0,-0.1575
14.391247272491455,2.1052238885831858,0.0,-0.1575
14.413102388381958,2.1268847777166373,0.0,-0.1575
14.435157775878906,2.1487369555433276,0.0,-0.1575
14.456674337387085,2.1700673911086654,0.0,-0.1575
14.47874903678894,2.1912934782217333,0.0,-0.1575
14.50045657157898,2.2129786956443467,0.0,-0.1575
14.521850109100342,2.2343557391288695,0.0,-0.1575
14.543876647949219,2.255431147825774,0.0,-0.1575
14.565274953842163,2.277006229565155,0.0,-0.1575
14.587152004241943,2.298121245913031,0.0,-0.1575
14.609298706054688,2.319544249182606,0.0,-0.1575
14.632547378540039,2.341268849836521,0.0,-0.1575
14.65484356880188,2.3639337699673044,0.0,-0.1575
14.676575899124146,2.3859867539934614,0.0,-0.1575
14.699496030807495,2.4075173507986922,0.0,-0.1575
14.720974445343018,2.4298234701597385,0.0,-0.1575
14.743324995040894,2.4510846940319477,0.0,-0.1575
14.7649405002594,2.47301693880639,0.0,-0.1575
14.78656530380249,2.494443387761278,0.0,-0.1575
14.808886766433716,2.515608677552256,0.0,-0.1575
14.830837965011597,2.5374417355104515,0.0,-0.1575
14.852842330932617,2.55908834710209,0.0,-0.1575
14.874329090118408,2.580697669420418,0.0,-0.1575
14.896639108657837,2.6019795338840837,0.0,-0.1575
14.91886281967163,2.623755906776817,0.0,-0.1575
14.940339803695679,2.6456311813553635,0.0,-0.1575
14.962369441986084,2.666886236271073,0.0,-0.1575
14.98370099067688,2.6884172472542147,0.0,-0.1575
15.00574016571045,2.709843449450843,0.0,-0.1575
15.027787923812866,2.731168689890169,0.0,-0.1575
15.050686359405518,2.752713737978034,0.0,-0.1575
15.072861671447754,2.775022747595607,0.0,-0.1575
15.094876050949097,2.797004549519122,0.0,-0.1575
15.11709451675415,2.8186809099038244,0.0,-0.1575
15.139050483703613,2.840536181980765,0.0,-0.1575
15.161115407943726,2.862187236396153,0.0,-0.1575
15.182387828826904,2.8838774472792306,0.0,-0.1575
15.203904867172241,2.904935489455846,0.0,-0.1575
15.22490930557251,2.9261070978911694,0.0,-0.1575
15.246692895889282,2.9467414195782338,0.0,-0.1575
15.268456220626831,2.9680682839156467,0.0,-0.1575
15.290261507034302,2.9894536567831294,0.0,-0.1575
15.311684846878052,3.010850731356626,0.0,-0.1575
15.334305763244629,3.032010146271326,0.0,-0.1575
15.356690406799316,3.0541620292542655,0.0,-0.1575
15.378356218338013,3.076112405850853,0.0,-0.1575
15.399838209152222,3.0975424811701706,0.0,-0.1575
15.421462535858154,3.118708496234034,0.0,-0.1575
15.44356632232666,3.139901699246807,0.0,-0.1575
15.46513295173645,3.1615803398493614,0.0,-0.1575
15.487590074539185,3.1827960679698726,0.0,-0.1575
15.509798049926758,3.204799213593975,0.0,-0.1575
15.532040357589722,3.226559842718795,0.0,-0.1575
15.553976058959961,3.248431968543759,0.0,-0.1575
15.576897859573364,3.270086393708752,0.0,-0.1575
15.599327325820923,3.2924972787417506,0.0,-0.1575
15.62097978591919,3.3145794557483503,0.0,-0.1575
15.642606735229492,3.3360358911496704,0.0,-0.1575
15.664359092712402,3.3573671782299344,0.0,-0.1575
15.6865394115448,3.3787534356459874,0.0,-0.1575
15.708918571472168,3.4004706871291974,0.0,-0.1575
15.731028079986572,3.42241413742584,0.0,-0.1575
15.752776622772217,3.4441628274851683,0.0,-0.1575
15.774992227554321,3.465632565497034,0.0,-0.1575
15.796516180038452,3.4874465130994072,0.0,-0.1575
15.81809687614441,3.508609302619882,0.0,-0.1575
15.840773105621338,3.529881860523977,0.0,-0.1575
15.862673997879028,3.5519763721047957,0.0,-0.1575
15.884422063827515,3.57359527442096,0.0,-0.1575
15.905481338500977,3.595039054884192,0.0,-0.1575
15.9268159866333,3.615887810976839,0.0,-0.1575
15.94923448562622,3.636857562195368,0.0,-0.1575
15.972123146057129,3.6586515124390737,0.0,-0.1575
15.993629217147827,3.681010302487815,0.0,-0.1575
16.01643967628479,3.7024420604975634,0.0,-0.1575
16.038703441619873,3.724648412099513,0.0,-0.1575
16.060670375823975,3.746609682419903,0.0,-0.1575
16.082824230194092,3.768201936483981,0.0,-0.1575
16.105010747909546,3.789960387296796,0.0,-0.1575
16.126841068267822,3.8119920774593594,0.0,-0.1575
16.14850664138794,3.8333584154918716,0.0,-0.1575
16.17090916633606,3.8546716830983745,0.0,-0.1575
16.19298028945923,3.876534336619675,0.0,-0.1575
16.214664697647095,3.898346867323935,0.0,-0.1575
16.23673105239868,3.9197493734647875,0.0,-0.1575
16.259275436401367,3.9414698746929573,0.0,-0.1575
16.280778408050537,3.963493974938592,0.0,-0.1575
16.302302360534668,3.9846987949877186,0.0,-0.1575
16.32454514503479,4.005979758997544,0.0,-0.1575
16.347228527069092,4.027675951799509,0.0,-0.1575
16.368412256240845,4.049855190359902,0.0,-0.1575
16.39050841331482,4.071011038071981,0.0,-0.1575
16.413106441497803,4.092522207614397,0.0,-0.1575
16.43548274040222,4.114664441522879,0.0,-0.1575
16.45770573616028,4.136852888304576,0.0,-0.1575
16.47951889038086,4.158570577660916,0.0,-0.1575
16.501551389694214,4.1801141155321835,0.0,-0.1575
16.522775173187256,4.201782823106437,0.0,-0.1575
16.54489541053772,4.222756564621287,0.0,-0.1575
16.56703758239746,4.244391312924257,0.0,-0.1575
16.588780403137207,4.266078262584851,0.0,-0.1575
16.610610485076904,4.28753565251697,0.0,-0.1575
16.632680416107178,4.308947130503395,0.0,-0.1575
16.654838800430298,4.3306694261006795,0.0,-0.1575
16.67657208442688,4.352453885220136,0.0,-0.1575
16.69892120361328,4.373850777044027,0.0,-0.1575
16.72061848640442,4.395730155408806,0.0,-0.1575
16.74230432510376,4.417146031081762,0.0,-0.1575
16.764421939849854,4.4385492062163525,0.0,-0.1575
16.78607201576233,4.460269841243271,0.0,-0.1575
16.808229207992554,4.481653968248654,0.0,-0.1575
16.830919981002808,4.5032907936497315,0.0,-0.1575
16.85314130783081,4.525458158729946,0.0,-0.1575
16.875067949295044,4.547411631745989,0.0,-0.1575
16.896514415740967,4.569002326349198,0.0,-0.1575
16.91887617111206,4.59020046526984,0.0,-0.1575
16.941225051879883,4.6120400930539684,0.0,-0.1575
16.962644338607788,4.633928018610794,0.0,-0.1575
16.98424220085144,4.655105603722159,0.0,-0.1575
17.005547761917114,4.676381120744432,0.0,-0.1575
17.027398824691772,4.697356224148887,0.0,-0.1575
17.049643516540527,4.718831244829778,0.0,-0.1575
17.071230173110962,4.740646248965955,0.0,-0.1575
17.093570470809937,4.7618892497931915,0.0,-0.1575
17.11584210395813,4.783817849958639,0.0,-0.1575
17.13747215270996,4.8056435699917275,0.0,-0.1575
17.15977168083191,4.827048713998345,0.0,-0.1575
17.181473970413208,4.848849742799669,0.0,-0.1575
17.203648328781128,4.870249948559934,0.0,-0.1575
17.225099086761475,4.892049989711987,0.0,-0.1575
17.247389554977417,4.913289997942397,0.0,-0.1575
17.270254611968994,4.93505799958848,0.0,-0.1575
17.292053937911987,4.957411599917696,0.0,-0.1575
17.313585996627808,4.97900231998354,0.0,-0.1575
17.335642099380493,5.000200463996707,0.0,-0.1575
17.357580184936523,5.021800092799341,0.0,-0.1575
17.380136966705322,5.043400018559868,0.0,-0.1575
17.402068853378296,5.065480003711974,0.0,-0.1575
17.423675298690796,5.087096000742395,0.0,-0.1575
17.445520639419556,5.10845920014848,0.0,-0.1575
17.46714162826538,5.129851840029697,0.0,-0.1575
17.48898410797119,5.15117036800594,0.0,-0.1575
17.51051688194275,5.172634073601189,0.0,-0.1575
17.531922340393066,5.193886814720238,0.0,-0.1575
17.55382800102234,5.214937362944048,0.0,-0.1575
17.57555890083313,5.23642747258881,0.0,-0.1575
17.597429990768433,5.257845494517762,0.0,-0.1575
17.61989450454712,5.279249098903553,0.0,-0.1575
17.641430616378784,5.301209819780711,0.0,-0.1575
17.662752151489258,5.322561963956142,0.0,-0.1575
17.684417486190796,5.343552392791229,0.0,-0.1575
17.707021474838257,5.364870478558245,0.0,-0.1575
17.729153871536255,5.38689409571165,0.0,-0.1575
17.751320838928223,5.408658819142331,0.0,-0.1575
17.773205518722534,5.430451763828467,0.0,-0.1575
17.79490303993225,5.452010352765694,0.0,-0.1575
17.817211151123047,5.473442070553139,0.0,-0.1575
17.838814735412598,5.495248414110629,0.0,-0.1575
17.860684633255005,5.516649682822126,0.0,-0.1575
17.88227915763855,5.538049936564426,0.0,-0.1575
17.905144214630127,5.559369987312886,0.0,-0.1575
17.927083492279053,5.581553997462578,0.0,-0.1575
17.948622703552246,5.603430799492516,0.0,-0.1575
17.970244646072388,5.624606159898503,0.0,-0.1575
17.99185538291931,5.645961231979701,0.0,-0.1575
18.01344132423401,5.66711224639594,0.0,-0.1575
18.035708904266357,5.688382449279189,0.0,-0.1575
18.05785369873047,5.710156489855838,0.0,-0.1575
18.080064058303833,5.731871297971169,0.0,-0.1575
18.102027654647827,5.753654259594234,0.0,-0.1575
18.123793363571167,5.775370851918847,0.0,-0.1575
18.14601445198059,5.79683417038377,0.0,-0.1575
18.168548107147217,5.818486834076754,0.0,-0.1575
18.19052505493164,5.840577366815351,0.0,-0.1575
18.212662935256958,5.86227547336307,0.0,-0.1575
18.234179735183716,5.884055094672614,0.0,-0.1575
18.255794048309326,5.905371018934524,0.0,-0.1575
18.277268886566162,5.926674203786906,0.0,-0.1575
18.298977613449097,5.948054840757382,0.0,-0.1575
18.320483922958374,5.969130968151477,0.0,-0.1575
18.34227418899536,5.990306193630295,0.0,-0.1575
18.364744186401367,6.01166123872606,0.0,-0.1575
18.38655376434326,6.033532247745212,0.0,-0.1575
18.40923047065735,6.055106449549044,0.0,-0.1575
18.431214094161987,6.077261289909809,0.0,-0.1575
18.452675104141235,6.099052257981962,0.0,-0.1575
18.473835945129395,6.120210451596392,0.0,-0.1575
18.495438814163208,6.141162090319279,0.0,-0.1575
18.517348527908325,6.162312418063856,0.0,-0.1575
18.539150714874268,6.183742483612772,0.0,-0.1575
18.562089204788208,6.205148496722554,0.0,-0.1575
18.584445238113403,6.227509699344511,0.0,-0.1575
18.60654878616333,6.249501939868903,0.0,-0.1575
18.62844729423523,6.271340387973781,0.0,-0.1575
18.65044403076172,6.292988077594757,0.0,-0.1575
18.672242641448975,6.314597615518952,0.0,-0.1575
18.6938693523407,6.336039523103791,0.0,-0.1575
18.715556621551514,6.357367904620759,0.0,-0.1575
18.737090587615967,6.378673580924152,0.0,-0.1575
18.75883197784424,6.399814716184831,0.0,-0.1575
18.7807035446167,6.421242943236966,0.0,-0.1575
18.803251028060913,6.442728588647395,0.0,-0.1575
18.82510232925415,6.46470571772948,0.0,-0.1575
18.847118377685547,6.4862211435458965,0.0,-0.1575
18.868929147720337,6.50788422870918,0.0,-0.1575
18.89027500152588,6.529336845741836,0.0,-0.1575
18.912083625793457,6.550427369148367,0.0,-0.1575
18.933642625808716,6.571765473829673,0.0,-0.1575
18.955606698989868,6.593073094765934,0.0,-0.1575
18.977630376815796,6.614614618953187,0.0,-0.1575
18.999279737472534,6.636202923790638,0.0,-0.1575
19.02292251586914,6.657560584758128,0.0,-0.1575
19.04503345489502,6.680472116951627,0.0,-0.1575
19.06753635406494,6.7024144233903264,0.0,-0.1575
19.088533639907837,6.7245628846780665,0.0,-0.1575
19.110536098480225,6.745392576935615,0.0,-0.1575
19.13175106048584,6.766918515387124,0.0,-0.1575
19.15378975868225,6.787943703077425,0.0,-0.1575
19.175468683242798,6.809428740615486,0.0,-0.1575
19.19735288619995,6.830765748123097,0.0,-0.1575
19.21925973892212,6.852313149624621,0.0,-0.1575
19.240488052368164,6.873822629924925,0.0,-0.1575
19.262389659881592,6.894844525984985,0.0,-0.1575
19.284403085708618,6.916248905196997,0.0,-0.1575
19.30613350868225,6.9378897810394,0.0,-0.1575
19.328015565872192,6.959257956207881,0.0,-0.1575
19.34985089302063,6.980731591241577,0.0,-0.1575
19.37189769744873,7.002226318248316,0.0,-0.1575
19.39374589920044,7.023885263649664,0.0,-0.1575
19.416069984436035,7.045417052729933,0.0,-0.1575
19.43786358833313,7.067243410545987,0.0,-0.1575
19.45962929725647,7.088728682109198,0.0,-0.1575
19.481515645980835,7.11014573642184,0.0,-0.1575
19.504172563552856,7.1317091472843686,0.0,-0.1575
19.526289463043213,7.153781829456874,0.0,-0.1575
19.5479838848114,7.175636365891375,0.0,-0.1575
19.571052074432373,7.197047273178275,0.0,-0.1575
19.592994689941406,7.219409454635655,0.0,-0.1575
19.614787340164185,7.241241890927132,0.0,-0.1575
19.636649131774902,7.262728378185426,0.0,-0.1575
19.657920122146606,7.284225675637086,0.0,-0.1575
19.68001890182495,7.305245135127418,0.0,-0.1575
19.701792240142822,7.326809027025485,0.0,-0.1575
19.72357201576233,7.348241805405097,0.0,-0.1575
19.74648952484131,7.36964836108102,0.0,-0.1575
19.768235683441162,7.392009672216204,0.0,-0.1575
19.789983987808228,7.413521934443241,0.0,-0.1575
19.811490774154663,7.434944386888648,0.0,-0.1575
19.832805395126343,7.4561888773777305,0.0,-0.1575
19.854603052139282,7.477157775475546,0.0,-0.1575
19.87662982940674,7.498551555095109,0.0,-0.1575
19.899691581726074,7.520190311019022,0.0,-0.1575
19.922091960906982,7.542598062203805,0.0,-0.1575
19.94373345375061,7.564759612440761,0.0,-0.1575
19.965471506118774,7.586151922488153,0.0,-0.1575
19.987548112869263,7.607550384497631,0.0,-0.1575
20.009130001068115,7.629190076899526,0.0,-0.1575
20.030828952789307,7.650718015379907,0.0,-0.1575
20.05332350730896,7.671903603075982,0.0,-0.1575
20.075291395187378,7.6938207206151965,0.0,-0.1575
20.097313404083252,7.715404144123039,0.0,-0.1575
20.119085788726807,7.737080828824608,0.0,-0.1575
20.141624689102173,7.758536165764922,0.0,-0.1575
20.164423942565918,7.780587233152985,0.0,-0.1575
20.18596315383911,7.802837446630597,0.0,-0.1575
20.207966327667236,7.824327489326119,0.0,-0.1575
20.22989559173584,7.844225497865224,0.0,-0.1575
20.252552032470703,7.859405099573046,0.0,-0.1575
20.273828268051147,7.869001019914609,0.0,-0.1575
20.295634508132935,7.873000203982922,0.0,-0.1575
20.317602396011353,7.873800040796585,0.0,-0.1575
20.340104341506958,7.873960008159317,0.0,-0.1575
20.36436939239502,7.873992001631864,0.0,-0.1575
20.385767459869385,7.873998400326373,-0.00128,-0.1575
20.40769052505493,7.873999680065275,-0.006736,-0.1575
20.42975950241089,7.873999936013055,-0.0176672,-0.1575
20.451314210891724,7.873999987202611,-0.03433344,-0.1575
20.47266435623169,7.873999997440523,-0.05462668800000001,-0.1575
20.494921445846558,7.873999999488104,-0.07540533760000001,-0.1575
20.516715049743652,7.873999999897621,-0.09708106752000001,-0.1575
20.538451194763184,7.8739999999795245,-0.11853621350400001,-0.1575
20.560903072357178,7.873999999995905,-0.1399472427008,-0.1575
20.58329963684082,7.873999999999181,-0.16182944854016001,-0.1575
20.605345964431763,7.873999999999836,-0.18380588970803202,-0.1575
20.626394748687744,7.873999999999967,-0.20564117794160644,-0.1575
20.64821219444275,7.8739999999999934,-0.22656823558832132,-0.1575
20.670230388641357,7.873999999999999,-0.24787364711766424,-0.1575
20.69266366958618,7.874,-0.26949472942353286,-0.1575
20.71400499343872,7.874,-0.2914989458847066,-0.1575
20.736125230789185,7.874,-0.3126197891769414,-0.1575
20.757380723953247,7.874,-0.3342839578353883,-0.1575
20.779372453689575,7.874,-0.35533679156707765,-0.1575
20.801146745681763,7.874,-0.3770673583134156,-0.1575
20.823074340820312,7.874,-0.39821347166268317,-0.1575
20.844240427017212,7.874,-0.41980269433253664,-0.1575
20.86649489402771,7.874,-0.44076053886650735,-0.1575
20.88851499557495,7.874,-0.46247210777330144,-0.1575
20.910218000411987,7.874,-0.4840944215546603,-0.1575
20.932311058044434,7.874,-0.5054588843109321,-0.1575
20.954501390457153,7.874,-0.5270917768621864,-0.1575
20.976794719696045,7.874,-0.5489383553724373,-0.1575
20.99989128112793,7.874,-0.5708276710744875,-0.1575
21.023869276046753,7.874,-0.5933655342148976,-0.1575
21.04573369026184,7.874,-0.6166731068429796,-0.1575
21.067353010177612,7.874,-0.638614621368596,-0.1575
21.090633392333984,7.874,-0.6600429242737192,-0.1575
21.113004207611084,7.874,-0.6825685848547439,-0.1575
21.134878873825073,7.874,-0.7047537169709489,-0.1575
21.1569664478302,7.874,-0.7263107433941898,-0.1575
21.179062366485596,7.874,-0.747982148678838,-0.1575
21.201810836791992,7.874,-0.7697564297357676,-0.1575
21.225497245788574,7.874,-0.7919512859471536,-0.1575
21.247339010238647,7.874,-0.8151102571894306,-0.1575
21.26923966407776,7.874,-0.8368620514378863,-0.1575
21.290560007095337,7.874,-0.8584124102875774,-0.1575
21.312264442443848,7.874,-0.8794424820575155,-0.1575
21.334197759628296,7.874,-0.9007684964115032,-0.1575
21.35616374015808,7.874,-0.9223136992823007,-0.1575
21.378070831298828,7.874,-0.9439027398564602,-0.1575
21.400256395339966,7.874,-0.9654205479712921,-0.1575
21.421831607818604,7.874,-0.9872441095942586,-0.1575
21.443840980529785,7.874,-1.0085688219188518,-0.1575
21.465821981430054,7.874,-1.0300337643837705,-0.1575
21.487783193588257,7.874,-1.0516867528767542,-0.1575
21.50970149040222,7.874,-1.073297350575351,-0.1575
21.531263828277588,7.874,-1.0948994701150703,-0.1575
21.5527503490448,7.874,-1.116099894023014,-0.1575
21.57496166229248,7.874,-1.137299978804603,-0.1575
21.59712314605713,7.874,-1.1589799957609208,-0.1575
21.6187481880188,7.874,-1.180675999152184,-0.1575
21.64099144935608,7.874,-1.202055199830437,-0.1575
21.662379026412964,7.874,-1.2238510399660876,-0.1575
21.685004711151123,7.874,-1.2450902079932176,-0.1575
21.707613706588745,7.874,-1.2670980415986437,-0.1575
21.729873657226562,7.874,-1.2892596083197287,-0.1575
21.75208282470703,7.874,-1.3112119216639457,-0.1575
21.77436399459839,7.874,-1.3331223843327893,-0.1575
21.796185731887817,7.874,-1.355024476866558,-0.1575
21.817847967147827,7.874,-1.3765248953733118,-0.1575
21.839844703674316,7.874,-1.3978649790746625,-0.1575
21.86141610145569,7.874,-1.4194129958149326,-0.1575
21.884233713150024,7.874,-1.4407625991629864,-0.1575
21.90607476234436,7.874,-1.4629525198325974,-0.1575
21.928226232528687,7.874,-1.4845105039665196,-0.1575
21.951283931732178,7.874,-1.5062621007933041,-0.1575
21.974653482437134,7.874,-1.528772420158661,-0.1575
21.997069358825684,7.874,-1.5517544840317323,-0.1575
22.01901912689209,7.874,-1.5738708968063464,-0.1575
22.040249824523926,7.874,-1.5955741793612694,-0.1575
22.062304973602295,7.874,-1.616554835872254,-0.1575
22.08425283432007,7.874,-1.6381909671744508,-0.1575
22.10603427886963,7.874,-1.6597181934348904,-0.1575
22.12811255455017,7.874,-1.6811436386869782,-0.1575
22.1507248878479,7.874,-1.7028687277373957,-0.1575
22.17328190803528,7.874,-1.724893745547479,-0.1575
22.195874452590942,7.874,-1.7471387491094958,-0.1575
22.217548370361328,7.874,-1.7693477498218992,-0.1575
22.239171504974365,7.874,-1.79090954996438,-0.1575
22.260764598846436,7.874,-1.8121019099928761,-0.1575
22.282267808914185,7.874,-1.8333803819985752,-0.1575
22.30372714996338,7.874,-1.8545960763997151,-0.1575
22.324782848358154,7.874,-1.875639215279943,-0.1575
22.348522424697876,7.874,-1.8964078430559885,-0.1575
22.370466947555542,7.874,-1.9192815686111977,-0.1575
22.392319440841675,7.874,-1.9411363137222397,-0.1575
22.414106845855713,7.874,-1.9626272627444479,-0.1575
22.43628978729248,7.874,-1.9840454525488895,-0.1575
22.458296060562134,7.874,-2.005849090509778,-0.1575
22.479957103729248,7.874,-2.027489818101956,-0.1575
22.50222659111023,7.874,-2.048937963620391,-0.1575
22.52467131614685,7.874,-2.0705875927240784,-0.1575
22.5465190410614,7.874,-2.0926775185448157,-0.1575
22.567692756652832,7.874,-2.1142155037089636,-0.1575
22.58968424797058,7.874,-2.1352431007417927,-0.1575
22.612489938735962,7.874,-2.1566486201483586,-0.1575
22.63463258743286,7.874,-2.178929724029672,-0.1575
22.656232118606567,7.874,-2.2008259448059344,-0.1575
22.678088665008545,7.874,-2.222165188961187,-0.1575
22.699845790863037,7.874,-2.2436330377922378,-0.1575
22.72144913673401,7.874,-2.265046607558448,-0.1575
22.742514610290527,7.874,-2.2866093215116896,-0.1575
22.7641544342041,7.874,-2.307241864302338,-0.1575
22.78749179840088,7.874,-2.3284083728604674,-0.1575
22.80960774421692,7.874,-2.3508816745720935,-0.1575
22.831347703933716,7.874,-2.3728163349144187,-0.1575
22.853598594665527,7.874,-2.394323266982884,-0.1575
22.87529230117798,7.874,-2.416144653396577,-0.1575
22.897021770477295,7.874,-2.4375489306793154,-0.1575
22.918612003326416,7.874,-2.4589497861358636,-0.1575
22.940768480300903,7.874,-2.480189957227173,-0.1575
22.962624073028564,7.874,-2.5018779914454345,-0.1575
22.98446750640869,7.874,-2.5234155982890867,-0.1575
23.00631809234619,7.874,-2.544843119657817,-0.1575
23.028873205184937,7.874,-2.5663286239315637,-0.1575
23.050856113433838,7.874,-2.588385724786313,-0.1575
23.072490453720093,7.874,-2.6100771449572626,-0.1575
23.093998670578003,7.874,-2.631455428991453,-0.1575
23.11607265472412,7.874,-2.6526910857982906,-0.1575
23.138288497924805,7.874,-2.6742182171596585,-0.1575
23.159632444381714,7.874,-2.6960436434319317,-0.1575
23.18221426010132,7.874,-2.717128728686386,-0.1575
23.204248905181885,7.874,-2.7391857457372772,-0.1575
23.226239442825317,7.874,-2.7609571491474556,-0.1575
23.248244524002075,7.874,-2.7825114298294915,-0.1575
23.26986861228943,7.874,-2.8041022859658984,-0.1575
23.291778326034546,7.874,-2.82546045719318,-0.1575
23.313718795776367,7.874,-2.847012091438636,-0.1575
23.33644962310791,7.874,-2.8686024182877277,-0.1575
23.359020948410034,7.874,-2.8907604836575453,-0.1575
23.380808353424072,7.874,-2.9130320967315093,-0.1575
23.402846097946167,7.874,-2.9346064193463017,-0.1575
23.426050662994385,7.874,-2.95620128386926,-0.1575
23.44836163520813,7.874,-2.978760256773852,-0.1575
23.46972393989563,7.874,-3.0007920513547703,-0.1575
23.49152708053589,7.874,-3.021998410270954,-0.1575
23.51326632499695,7.874,-3.043359682054191,-0.1575
23.535706520080566,7.874,-3.0647519364108384,-0.1575
23.5572669506073,7.874,-3.086790387282168,-0.1575
23.579177618026733,7.874,-3.1080780774564336,-0.1575
23.601343393325806,7.874,-3.1296156154912866,-0.1575
23.623066425323486,7.874,-3.151283123098257,-0.1575
23.64473533630371,7.874,-3.172816624619651,-0.1575
23.666792154312134,7.874,-3.1940833249239304,-0.1575
23.688825607299805,7.874,-3.2156966649847862,-0.1575
23.711143732070923,7.874,-3.2372993329969577,-0.1575
23.733256340026855,7.874,-3.2592998665993917,-0.1575
23.756373405456543,7.874,-3.280979973319879,-0.1575
23.777706384658813,7.874,-3.3035559946639763,-0.1575
23.799153566360474,7.874,-3.3247911989327954,-0.1575
23.82064652442932,7.874,-3.3459982397865593,-0.1575
23.84247851371765,7.874,-3.3671196479573116,-0.1575
23.864809036254883,7.874,-3.3884639295914623,-0.1575
23.88724398612976,7.874,-3.4103327859182926,-0.1575
23.90916419029236,7.874,-3.432386557183659,-0.1575
23.930760622024536,7.874,-3.453997311436732,-0.1575
23.952298879623413,7.874,-3.4752794622873466,-0.1575
23.97399401664734,7.874,-3.496495892457469,-0.1575
23.995776414871216,7.874,-3.517779178491494,-0.1575
24.017351388931274,7.874,-3.539155835698299,-0.1575
24.03875160217285,7.874,-3.56047116713966,-0.1575
24.060547828674316,7.874,-3.5814542334279325,-0.1575
24.082727432250977,7.874,-3.6029308466855863,-0.1575
24.10606098175049,7.874,-3.624586169337117,-0.1575
24.127920389175415,7.874,-3.6472372338674237,-0.1575
24.14986824989319,7.874,-3.6690474467734853,-0.1575
24.17138147354126,7.874,-3.690689489354697,-0.1575
24.193321228027344,7.874,-3.7119778978709395,-0.1575
24.214961528778076,7.874,-3.733435579574188,-0.1575
24.237089157104492,7.874,-3.754767115914838,-0.1575
24.26040530204773,7.874,-3.776473423182968,-0.1575
24.282029151916504,7.874,-3.799134684636594,-0.1575
24.303816080093384,7.874,-3.820626936927319,-0.1575
24.325381755828857,7.874,-3.842045387385464,-0.1575
24.348531246185303,7.874,-3.8632890774770927,-0.1575
24.37000346183777,7.874,-3.885777815495419,-0.1575
24.391685962677002,7.874,-3.907155563099084,-0.1575
24.413431406021118,7.874,-3.9284711126198175,-0.1575
24.43506956100464,7.874,-3.9499342225239635,-0.1575
24.45666813850403,7.874,-3.971186844504793,-0.1575
24.47963786125183,7.874,-3.9923973689009586,-0.1575
24.501253843307495,7.874,-4.0147194737801914,-0.1575
24.52388048171997,7.874,-4.036223894756039,-0.1575
24.545673847198486,7.874,-4.0582047789512075,-0.1575
24.567551374435425,7.874,-4.079720955790242,-0.1575
24.590002059936523,7.874,-4.101384191158048,-0.1575
24.61123752593994,7.874,-4.123316838231609,-0.1575
24.63384246826172,7.874,-4.144423367646322,-0.1575
24.656026601791382,7.874,-4.166404673529264,-0.1575
24.67785143852234,7.874,-4.188240934705853,-0.1575
24.69959044456482,7.874,-4.209808186941171,-0.1575
24.721509218215942,7.874,-4.2312416373882344,-0.1575
24.743225574493408,7.874,-4.252728327477647,-0.1575
24.7642080783844,7.874,-4.274065665495529,-0.1575
24.785563468933105,7.874,-4.294893133099106,-0.1575
24.80746555328369,7.874,-4.315858626619821,-0.1575
24.829075574874878,7.874,-4.337251725323965,-0.1575
24.85096049308777,7.874,-4.358490345064793,-0.1575
24.873356580734253,7.874,-4.379938069012959,-0.1575
24.894543647766113,7.874,-4.401907613802592,-0.1575
24.91598129272461,7.874,-4.423021522760519,-0.1575
24.938282012939453,7.874,-4.444044304552104,-0.1575
24.959823846817017,7.874,-4.465768860910421,-0.1575
24.981668710708618,7.874,-4.487073772182084,-0.1575
25.00358295440674,7.874,-4.5085347544364165,-0.1575
25.025632858276367,7.874,-4.530026950887284,-0.1575
25.04772186279297,7.874,-4.551685390177457,-0.1575
25.06961941719055,7.874,-4.573457078035492,-0.1575
25.091172218322754,7.874,-4.5950114156070985,-0.1575
25.113200664520264,7.874,-4.61628228312142,-0.1575
25.135289669036865,7.874,-4.637816456624284,-0.1575
25.157200813293457,7.874,-4.659483291324857,-0.1575
25.180590391159058,7.874,-4.681096658264972,-0.1575
25.20201539993286,7.874,-4.703819331652994,-0.1575
25.22419023513794,7.874,-4.725243866330599,-0.1575
25.245686054229736,7.874,-4.74712877326612,-0.1575
25.267038106918335,7.874,-4.7682257546532245,-0.1575
25.288703441619873,7.874,-4.789165150930645,-0.1575
25.310312032699585,7.874,-4.810393030186129,-0.1575
25.332000494003296,7.874,-4.831678606037226,-0.1575
25.354037523269653,7.874,-4.853055721207445,-0.1575
25.375936269760132,7.874,-4.874611144241489,-0.1575
25.39804983139038,7.874,-4.896202228848298,-0.1575
25.4201557636261,7.874,-4.91796044576966,-0.1575
25.44139051437378,7.874,-4.939592089153932,-0.1575
25.46423840522766,7.874,-4.960638417830787,-0.1575
25.48723816871643,7.874,-4.982767683566157,-0.1575
25.509696006774902,7.874,-5.005353536713232,-0.1575
25.53136372566223,7.874,-5.027550707342646,-0.1575
25.553277254104614,7.874,-5.0490301414685295,-0.1575
25.57471776008606,7.874,-5.070526028293706,-0.1575
25.596428871154785,7.874,-5.091785205658741,-0.1575
25.617981672286987,7.874,-5.113077041131749,-0.1575
25.639672994613647,7.874,-5.13421540822635,-0.1575
25.66128969192505,7.874,-5.15548308164527,-0.1575
25.683348178863525,7.874,-5.176776616329055,-0.1575
25.705909252166748,7.874,-5.1983153232658115,-0.1575
25.729426383972168,7.874,-5.220463064653163,-0.1575
25.75124430656433,7.874,-5.243292612930633,-0.1575
25.773072481155396,7.874,-5.265058522586127,-0.1575
25.794811964035034,7.874,-5.286611704517226,-0.1575
25.816127061843872,7.874,-5.308202340903446,-0.1575
25.838520526885986,7.874,-5.329080468180689,-0.1575
25.860777139663696,7.874,-5.350856093636138,-0.1575
25.88358497619629,7.874,-5.372731218727227,-0.1575
25.905461311340332,7.874,-5.395106243745445,-0.1575
25.927695512771606,7.874,-5.4167012487490895,-0.1575
25.950247526168823,7.874,-5.438540249749818,-0.1575
25.97204899787903,7.874,-5.460668049949963,-0.1575
25.993941068649292,7.874,-5.4822136099899925,-0.1575
26.015259981155396,7.874,-5.503722721997999,-0.1575
26.03879189491272,7.874,-5.5248245443996,-0.1575
26.060184240341187,7.874,-5.54760490887992,-0.1575
26.082041263580322,7.874,-5.568960981775984,-0.1575
26.10387086868286,7.874,-5.590352196355197,-0.1575
26.12499737739563,7.874,-5.61191043927104,-0.1575
26.146664142608643,7.874,-5.633102087854208,-0.1575
26.168360948562622,7.874,-5.654060417570842,-0.1575
26.189775228500366,7.874,-5.675292083514169,-0.1575
26.211510181427002,7.874,-5.6964184167028336,-0.1575
26.233675003051758,7.874,-5.717763683340567,-0.1575
26.255691528320312,7.874,-5.739392736668114,-0.1575
26.278345584869385,7.874,-5.761078547333623,-0.1575
26.301910638809204,7.874,-5.783255709466725,-0.1575
26.323542594909668,7.874,-5.806171141893345,-0.1575
26.345346689224243,7.874,-5.827794228378669,-0.1575
26.367892026901245,7.874,-5.849478845675733,-0.1575
26.390811920166016,7.874,-5.871335769135148,-0.1575
26.41225552558899,7.874,-5.89378715382703,-0.1575
26.43390965461731,7.874,-5.915077430765406,-0.1575
26.455647468566895,7.874,-5.936375486153081,-0.1575
26.477964878082275,7.874,-5.957835097230616,-0.1575
26.501111268997192,7.874,-5.979647019446123,-0.1575
26.523067474365234,7.874,-6.002169403889225,-0.1575
26.54516053199768,7.874,-6.023953880777845,-0.1575
26.567012310028076,7.874,-6.0456707761555695,-0.1575
26.588716983795166,7.874,-6.067214155231115,-0.1575
26.610615730285645,7.874,-6.088562831046223,-0.1575
26.634026527404785,7.874,-6.110032566209245,-0.1575
26.6557457447052,7.874,-6.1328065132418494,-0.1575
26.677732467651367,7.874,-6.15464130264837,-0.1575
26.70031476020813,7.874,-6.176128260529674,-0.1575
26.722188472747803,7.874,-6.1981056521059354,-0.1575
26.744019985198975,7.874,-6.219781130421188,-0.1575
26.76583170890808,7.874,-6.241236226084237,-0.1575
26.787636756896973,7.874,-6.262887245216848,-0.1575
26.809405088424683,7.874,-6.284177449043371,-0.1575
26.830754280090332,7.874,-6.3055554898086745,-0.1575
26.852445602416992,7.874,-6.3266310979617355,-0.1575
26.874236345291138,7.874,-6.347886219592348,-0.1575
26.897139072418213,7.874,-6.36925724391847,-0.1575
26.918924808502197,7.874,-6.391531448783694,-0.1575
26.940711975097656,7.874,-6.413186289756739,-0.1575
26.96316623687744,7.874,-6.434637257951349,-0.1575
26.984766483306885,7.874,-6.45660745159027,-0.1575
27.006136417388916,7.874,-6.477961490318055,-0.1575
27.027769327163696,7.874,-6.4992722980636115,-0.1575
27.05036735534668,7.874,-6.520334459612723,-0.1575
27.072359800338745,7.874,-6.542386891922545,-0.1575
27.093881368637085,7.874,-6.56399737838451,-0.1575
27.116569995880127,7.874,-6.585279475676903,-0.1575
27.13841700553894,7.874,-6.607375895135381,-0.1575
27.1605863571167,7.874,-6.6289951790270765,-0.1575
27.182679414749146,7.874,-6.650839035805416,-0.1575
27.204845428466797,7.874,-6.672487807161084,-0.1575
27.226969480514526,7.874,-6.6942575614322175,-0.1575
27.24872636795044,7.874,-6.716051512286444,-0.1575
27.271921157836914,7.874,-6.737530302457289,-0.1575
27.294473886489868,7.874,-6.760146060491458,-0.1575
27.31728720664978,7.874,-6.782269212098292,-0.1575
27.339359521865845,7.874,-6.804693842419659,-0.1575
27.3616144657135,7.874,-6.826458768483932,-0.1575
27.38382840156555,7.874,-6.848331753696787,-0.1575
27.40712857246399,7.874,-6.870146350739358,-0.1575
27.4295072555542,7.874,-6.892989270147871,-0.1575
27.45135188102722,7.874,-6.915077854029575,-0.1575
27.473270893096924,7.874,-6.936695570805915,-0.1575
27.495527267456055,7.874,-6.958219114161183,-0.1575
27.517342805862427,7.874,-6.980043822832236,-0.1575
27.539018392562866,7.874,-7.001528764566448,-0.1575
27.560810804367065,7.874,-7.02294575291329,-0.1575
27.58255696296692,7.874,-7.044349150582658,-0.1575
27.604331493377686,7.874,-7.065749830116532,-0.1575
27.627371311187744,7.874,-7.087149966023307,-0.1575
27.650500774383545,7.874,-7.109589993204661,-0.1575
27.671887636184692,7.874,-7.1322379986409326,-0.1575
27.69381809234619,7.874,-7.153487599728187,-0.1575
27.716254711151123,7.874,-7.175097519945638,-0.1575
27.737587213516235,7.874,-7.197019503989128,-0.1575
27.75954532623291,7.874,-7.218283900797827,-0.1575
27.78109359741211,7.874,-7.239736780159565,-0.1575
27.803105115890503,7.874,-7.260907356031914,-0.1575
27.825561046600342,7.874,-7.282501471206383,-0.1575
27.847638368606567,7.874,-7.304500294241277,-0.1575
27.87032151222229,7.874,-7.326260058848256,-0.1575
27.892011642456055,7.874,-7.3485320117696515,-0.1575
27.91368532180786,7.874,-7.370026402353931,-0.1575
27.93528962135315,7.874,-7.391365280470787,-0.1575
27.9565532207489,7.874,-7.412593056094158,-0.1575
27.978368520736694,7.874,-7.433638611218832,-0.1575
28.001148223876953,7.874,-7.454967722243767,-0.1575
28.02295446395874,7.874,-7.477153544448754,-0.1575
28.044848442077637,7.874,-7.498710708889751,-0.1575
28.067768573760986,7.874,-7.520222141777951,-0.1575
28.089784383773804,7.874,-7.54252442835559,-0.1575
28.111583471298218,7.874,-7.564344885671118,-0.1575
28.133397102355957,7.874,-7.5858289771342235,-0.1575
28.15608024597168,7.874,-7.607325795426846,-0.1575
28.177629470825195,7.874,-7.6294651590853695,-0.1575
28.199787616729736,7.874,-7.650773031817075,-0.1575
28.221930027008057,7.874,-7.672474606363416,-0.1575
28.24378538131714,7.874,-7.694254921272684,-0.1575
28.26580309867859,7.874,-7.715810984254537,-0.1575
28.287899017333984,7.874,-7.737482196850908,-0.1575
28.309552431106567,7.874,-7.7590964393701825,-0.1575
28.331059217453003,7.874,-7.780459287874037,-0.1575
28.353209257125854,7.874,-7.8016918575748075,-0.1575
28.37579321861267,7.874,-7.823298371514962,-0.1575
28.39846158027649,7.874,-7.8437796743029935,-0.1575
28.420212268829346,7.874,-7.859395934860599,-0.1575
28.44215726852417,7.874,-7.86891918697212,-0.1575
28.46396040916443,7.874,-7.872983837394424,-0.1575
28.485778331756592,7.874,-7.8737967674788845,-0.1575
28.507875204086304,7.874,-7.873959353495777,-0.1575
28.532668590545654,7.874,-7.873991870699156,-0.1575
28.555609226226807,7.8726400000000005,-7.873998374139831,-0.1575
28.5774347782135,7.866528000000001,-7.873999674827966,-0.1575
28.599950075149536,7.854985600000001,-7.873999934965593,-0.1575
28.622140407562256,7.837477120000001,-7.873999986993119,-0.1575
28.64330768585205,7.816535424000001,-7.873999997398624,-0.1575
28.665510416030884,7.7957070848,-7.873999999479725,-0.1575
28.688426971435547,7.774021416960001,-7.873999999895945,-0.1575
28.710594415664673,7.7516842833920006,-7.873999999979189,-0.1575
28.7328143119812,7.7297768566784,-7.873999999995838,-0.1575
28.754881143569946,7.7079553713356805,-7.873999999999167,-0.1575
28.77653408050537,7.686151074267136,-7.873999999999834,-0.1575
28.797884464263916,7.664830214853429,-7.873999999999967,-0.1575
28.819295644760132,7.643766042970686,-7.8739999999999934,-0.1575
28.841834545135498,7.622673208594138,-7.873999999999999,-0.1575
28.86416983604431,7.600854641718827,-7.874,-0.1575
28.885504484176636,7.578810928343766,-7.874,-0.1575
28.907757997512817,7.557602185668754,-7.874,-0.1575
28.930108785629272,7.535840437133752,-7.874,-0.1575
28.953211545944214,7.5139680874267505,-7.874,-0.1575
28.975138425827026,7.49135361748535,-7.874,-0.1575
28.99726390838623,7.469630723497071,-7.874,-0.1575
29.019688844680786,7.447766144699415,-7.874,-0.1575
29.041239738464355,7.425873228939883,-7.874,-0.1575
29.062713384628296,7.404534645787978,-7.874,-0.1575
29.08542823791504,7.383386929157596,-7.874,-0.1575
29.108681201934814,7.36123738583152,-7.874,-0.1575
29.13062834739685,7.338567477166305,-7.874,-0.1575
29.152706146240234,7.316753495433262,-7.874,-0.1575
29.175732851028442,7.295030699086653,-7.874,-0.1575
29.19771671295166,7.272606139817332,-7.874,-0.1575
29.219945907592773,7.2507612279634674,-7.874,-0.1575
29.241693019866943,7.228872245592694,-7.874,-0.1575
29.263606071472168,7.207454449118539,-7.874,-0.1575
29.285612106323242,7.185970889823708,-7.874,-0.1575
29.307474613189697,7.164394177964741,-7.874,-0.1575
29.33032488822937,7.142638835592948,-7.874,-0.1575
29.351526021957397,7.12052776711859,-7.874,-0.1575
29.373781204223633,7.099385553423719,-7.874,-0.1575
29.395474672317505,7.077637110684743,-7.874,-0.1575
29.418745040893555,7.056247422136949,-7.874,-0.1575
29.440372228622437,7.03372948442739,-7.874,-0.1575
29.462040662765503,7.012185896885478,-7.874,-0.1575
29.484992265701294,6.990837179377095,-7.874,-0.1575
29.507297039031982,6.968407435875419,-7.874,-0.1575
29.529062032699585,6.946401487175085,-7.874,-0.1575
29.55089569091797,6.924880297435018,-7.874,-0.1575
29.572613954544067,6.903456059487004,-7.874,-0.1575
29.594306707382202,6.882051211897401,-7.874,-0.1575
29.61618161201477,6.86073024237948,-7.874,-0.1575
29.63809561729431,6.8392660484758965,-7.874,-0.1575
29.659806728363037,6.81777320969518,-7.874,-0.1575
29.68117642402649,6.796434641939037,-7.874,-0.1575
29.70314121246338,6.775366928387808,-7.874,-0.1575
29.72493052482605,6.753793385677563,-7.874,-0.1575
29.74634337425232,6.7323586771355135,-7.874,-0.1575
29.768104791641235,6.711271735427103,-7.874,-0.1575
29.789997816085815,6.689774347085421,-7.874,-0.1575
29.81245446205139,6.668354869417085,-7.874,-0.1575
29.834173679351807,6.646470973883417,-7.874,-0.1575
29.857181787490845,6.6249741947766845,-7.874,-0.1575
29.87854266166687,6.602594838955337,-7.874,-0.1575
29.900737047195435,6.581238967791068,-7.874,-0.1575
29.921837329864502,6.559527793558214,-7.874,-0.1575
29.943883180618286,6.538705558711643,-7.874,-0.1575
29.965803384780884,6.517101111742329,-7.874,-0.1575
29.988545656204224,6.495580222348466,-7.874,-0.1575
30.010627031326294,6.473436044469694,-7.874,-0.1575
30.03296422958374,6.45156720889394,-7.874,-0.1575
30.05577778816223,6.429673441778788,-7.874,-0.1575
30.077930450439453,6.4072946883557576,-7.874,-0.1575
30.099692583084106,6.3853789376711525,-7.874,-0.1575
30.121504545211792,6.363875787534231,-7.874,-0.1575
30.143540859222412,6.342455157506847,-7.874,-0.1575
30.16519069671631,6.32089103150137,-7.874,-0.1575
30.187411546707153,6.299538206300275,-7.874,-0.1575
30.209054708480835,6.2777476412600555,-7.874,-0.1575
30.231168031692505,6.256349528252012,-7.874,-0.1575
30.253836631774902,6.234709905650403,-7.874,-0.1575
30.275856971740723,6.212461981130081,-7.874,-0.1575
30.297584772109985,6.190732396226016,-7.874,-0.1575
30.319563150405884,6.1693464792452035,-7.874,-0.1575
30.34159278869629,6.147789295849042,-7.874,-0.1575
30.36291480064392,6.12611785916981,-7.874,-0.1575
30.384751319885254,6.105063571833963,-7.874,-0.1575
30.407832384109497,6.083652714366792,-7.874,-0.1575
30.429481029510498,6.06121054287336,-7.874,-0.1575
30.451622247695923,6.039682108574672,-7.874,-0.1575
30.47369885444641,6.018016421714934,-7.874,-0.1575
30.49593758583069,5.996243284342987,-7.874,-0.1575
30.51732063293457,5.974448656868598,-7.874,-0.1575
30.540417671203613,5.9532897313737205,-7.874,-0.1575
30.562061071395874,5.930817946274745,-7.874,-0.1575
30.584078550338745,5.90928358925495,-7.874,-0.1575
30.605865478515625,5.88769671785099,-7.874,-0.1575
30.62741231918335,5.866259343570198,-7.874,-0.1575
30.64965295791626,5.84501186871404,-7.874,-0.1575
30.67203426361084,5.823242373742809,-7.874,-0.1575
30.696041345596313,5.801288474748562,-7.874,-0.1575
30.718023777008057,5.777857694949713,-7.874,-0.1575
30.74114179611206,5.756051538989943,-7.874,-0.1575
30.76330828666687,5.733530307797989,-7.874,-0.1575
30.78532910346985,5.711586061559599,-7.874,-0.1575
30.807020902633667,5.68983721231192,-7.874,-0.1575
30.82887363433838,5.668447442462384,-7.874,-0.1575
30.851236820220947,5.646969488492478,-7.874,-0.1575
30.87298059463501,5.6250738976984955,-7.874,-0.1575
30.89535880088806,5.603654779539699,-7.874,-0.1575
30.916990995407104,5.58177095590794,-7.874,-0.1575
30.938721895217896,5.560354191181588,-7.874,-0.1575
30.960926055908203,5.5389508382363175,-7.874,-0.1575
30.98329472541809,5.517230167647264,-7.874,-0.1575
31.00519371032715,5.495286033529453,-7.874,-0.1575
31.026407480239868,5.473697206705891,-7.874,-0.1575
31.04821538925171,5.452579441341179,-7.874,-0.1575
31.070162296295166,5.431235888268236,-7.874,-0.1575
31.09172821044922,5.409767177653648,-7.874,-0.1575
31.11352562904358,5.388433435530729,-7.874,-0.1575
31.13468837738037,5.367046687106146,-7.874,-0.1575
31.15604043006897,5.34612933742123,-7.874,-0.1575
31.17805027961731,5.325145867484245,-7.874,-0.1575
31.199844121932983,5.303749173496849,-7.874,-0.1575
31.221725940704346,5.28226983469937,-7.874,-0.1575
31.243849754333496,5.260773966939874,-7.874,-0.1575
31.265503644943237,5.239034793387975,-7.874,-0.1575
31.28705620765686,5.217726958677595,-7.874,-0.1575
31.308939695358276,5.196425391735518,-7.874,-0.1575
31.330588579177856,5.175045078347104,-7.874,-0.1575
31.353129386901855,5.153729015669421,-7.874,-0.1575
31.375454425811768,5.131625803133884,-7.874,-0.1575
31.39677596092224,5.109685160626777,-7.874,-0.1575
31.418235778808594,5.088497032125355,-7.874,-0.1575
31.440258264541626,5.067379406425071,-7.874,-0.1575
31.462204456329346,5.045875881285014,-7.874,-0.1575
31.483840227127075,5.024295176257003,-7.874,-0.1575
31.50558590888977,5.003019035251401,-7.874,-0.1575
31.527244567871094,4.981643807050281,-7.874,-0.1575
31.5485897064209,4.960328761410056,-7.874,-0.1575
31.570509910583496,4.939345752282011,-7.874,-0.1575
31.59237003326416,4.917789150456402,-7.874,-0.1575
31.614136934280396,4.896357830091281,-7.874,-0.1575
31.635855674743652,4.8749515660182565,-7.874,-0.1575
31.65821385383606,4.853550313203652,-7.874,-0.1575
31.681610107421875,4.831670062640731,-7.874,-0.1575
31.70348811149597,4.808894012528147,-7.874,-0.1575
31.72511601448059,4.78713880250563,-7.874,-0.1575
31.747171640396118,4.765827760501127,-7.874,-0.1575
31.769121885299683,4.744205552100226,-7.874,-0.1575
31.790698289871216,4.722601110420046,-7.874,-0.1575
31.812866687774658,4.701320222084009,-7.874,-0.1575
31.834285497665405,4.679544044416803,-7.874,-0.1575
31.856261491775513,4.658388808883361,-7.874,-0.1575
31.87828779220581,4.636877761776672,-7.874,-0.1575
31.90130925178528,4.6152955523553345,-7.874,-0.1575
31.92315936088562,4.592819110471067,-7.874,-0.1575
31.945038080215454,4.571123822094213,-7.874,-0.1575
31.966912269592285,4.549584764418843,-7.874,-0.1575
31.989062309265137,4.528156952883769,-7.874,-0.1575
32.01083993911743,4.506351390576754,-7.874,-0.1575
32.032475233078,4.484870278115351,-7.874,-0.1575
32.054758071899414,4.46361405562307,-7.874,-0.1575
32.076844215393066,4.441762811124614,-7.874,-0.1575
32.09960222244263,4.4200325622249235,-7.874,-0.1575
32.121296882629395,4.397766512444985,-7.874,-0.1575
32.14318346977234,4.376273302488997,-7.874,-0.1575
32.16512060165405,4.3547746604977995,-7.874,-0.1575
32.188074350357056,4.33319493209956,-7.874,-0.1575
32.21080231666565,4.310798986419912,-7.874,-0.1575
32.23208284378052,4.2884797972839825,-7.874,-0.1575
32.2550995349884,4.267215959456797,-7.874,-0.1575
32.27715039253235,4.244883191891359,-7.874,-0.1575
32.29921317100525,4.223056638378273,-7.874,-0.1575
32.32063579559326,4.201411327675654,-7.874,-0.1575
32.34270143508911,4.1799622655351305,-7.874,-0.1575
32.364550828933716,4.158552453107026,-7.874,-0.1575
32.38622546195984,4.137150490621406,-7.874,-0.1575
32.408026695251465,4.115830098124281,-7.874,-0.1575
32.43089509010315,4.094366019624856,-7.874,-0.1575
32.452534437179565,4.0719132039249715,-7.874,-0.1575
32.474430322647095,4.050622640784995,-7.874,-0.1575
32.49604249000549,4.029084528156999,-7.874,-0.1575
32.51760458946228,4.0078169056314,-7.874,-0.1575
32.539525747299194,3.9866033811262804,-7.874,-0.1575
32.561639070510864,3.9650006762252565,-7.874,-0.1575
32.58378314971924,3.9434001352450516,-7.874,-0.1575
32.60577750205994,3.9216400270490106,-7.874,-0.1575
32.628308057785034,3.9000080054098025,-7.874,-0.1575
32.650043964385986,3.877921601081961,-7.874,-0.1575
32.67157459259033,3.8563843202163923,-7.874,-0.1575
32.69403696060181,3.835116864043279,-7.874,-0.1575
32.71565008163452,3.813263372808656,-7.874,-0.1575
32.73781132698059,3.7918526745617314,-7.874,-0.1575
32.75957536697388,3.7702105349123465,-7.874,-0.1575
32.78135704994202,3.7487621069824693,-7.874,-0.1575
32.80317711830139,3.727192421396494,-7.874,-0.1575
32.82506537437439,3.705758484279299,-7.874,-0.1575
32.847980260849,3.68435169685586,-7.874,-0.1575
32.869590520858765,3.6619903393711724,-7.874,-0.1575
32.89178442955017,3.640558067874235,-7.874,-0.1575
32.913082122802734,3.6187516135748474,-7.874,-0.1575
32.93469476699829,3.5976703227149693,-7.874,-0.1575
32.95662045478821,3.5764140645429943,-7.874,-0.1575
32.97905778884888,3.554962812908599,-7.874,-0.1575
33.00106644630432,3.53307256258172,-7.874,-0.1575
33.02274012565613,3.511334512516344,-7.874,-0.1575
33.04452109336853,3.4899469025032688,-7.874,-0.1575
33.066773414611816,3.468549380500654,-7.874,-0.1575
33.08841347694397,3.446749876100131,-7.874,-0.1575
33.11018991470337,3.4253499752200263,-7.874,-0.1575
33.13331484794617,3.4039499950440057,-7.874,-0.1575
33.155168533325195,3.381509999008802,-7.874,-0.1575
33.17674398422241,3.3599019998017607,-7.874,-0.1575
33.19872570037842,3.338540399960353,-7.874,-0.1575
33.21995496749878,3.3169880799920706,-7.874,-0.1575
33.241599321365356,3.2959576159984145,-7.874,-0.1575
33.262707233428955,3.2744715231996833,-7.874,-0.1575
33.28454232215881,3.253774304639937,-7.874,-0.1575
33.30657458305359,3.2325148609279877,-7.874,-0.1575
33.32842659950256,3.210982972185598,-7.874,-0.1575
33.34989881515503,3.18947659443712,-7.874,-0.1575
33.3716094493866,3.168215318887424,-7.874,-0.1575
33.39366841316223,3.1469230637774848,-7.874,-0.1575
33.415733098983765,3.1253846127554974,-7.874,-0.1575
33.43791675567627,3.1036369225510994,-7.874,-0.1575
33.45946145057678,3.08184738451022,-7.874,-0.1575
33.48143219947815,3.060529476902044,-7.874,-0.1575
33.503467082977295,3.038985895380409,-7.874,-0.1575
33.52535796165466,3.017317179076082,-7.874,-0.1575
33.546831130981445,2.9957834358152167,-7.874,-0.1575
33.57037377357483,2.9746766871630435,-7.874,-0.1575
33.59156823158264,2.951815337432609,-7.874,-0.1575
33.61278223991394,2.9306030674865218,-7.874,-0.1575
33.634413957595825,2.9097206134973046,-7.874,-0.1575
33.655951738357544,2.888504122699461,-7.874,-0.1575
33.67738580703735,2.867380824539892,-7.874,-0.1575
33.69919419288635,2.8461961649079788,-7.874,-0.1575
33.720519065856934,2.824839232981596,-7.874,-0.1575
33.74231219291687,2.8038478465963195,-7.874,-0.1575
33.76413130760193,2.7822895693192637,-7.874,-0.1575
33.78563404083252,2.761017913863853,-7.874,-0.1575
33.80782103538513,2.7398035827727707,-7.874,-0.1575
33.82978868484497,2.7181207165545542,-7.874,-0.1575
33.851555824279785,2.696504143310911,-7.874,-0.1575
33.87323498725891,2.6750608286621826,-7.874,-0.1575
33.89512658119202,2.653732165732437,-7.874,-0.1575
33.91677665710449,2.632186433146487,-7.874,-0.1575
33.93808031082153,2.610917286629298,-7.874,-0.1575
33.959675312042236,2.5898634573258597,-7.874,-0.1575
33.982749462127686,2.568692691465172,-7.874,-0.1575
34.00537395477295,2.5462985382930348,-7.874,-0.1575
34.02690315246582,2.524059707658607,-7.874,-0.1575
34.04863739013672,2.5026519415317217,-7.874,-0.1575
34.06990194320679,2.4813303883063442,-7.874,-0.1575
34.09179639816284,2.460346077661269,-7.874,-0.1575
34.11368727684021,2.4387892155322537,-7.874,-0.1575
34.13596868515015,2.417357843106451,-7.874,-0.1575
34.157840967178345,2.3955515686212903,-7.874,-0.1575
34.18031024932861,2.373990313724258,-7.874,-0.1575
34.20329141616821,2.3519980627448516,-7.874,-0.1575
34.22529149055481,2.3295196125489706,-7.874,-0.1575
34.24718451499939,2.307743922509794,-7.874,-0.1575
34.26927375793457,2.286188784501959,-7.874,-0.1575
34.2910418510437,2.2644377569003917,-7.874,-0.1575
34.31271815299988,2.2429675513800786,-7.874,-0.1575
34.335482597351074,2.221313510276016,-7.874,-0.1575
34.35756325721741,2.1993827020552033,-7.874,-0.1575
34.379594564437866,2.177556540411041,-7.874,-0.1575
34.40112113952637,2.155991308082208,-7.874,-0.1575
34.423413038253784,2.1347182616164417,-7.874,-0.1575
34.44587516784668,2.1128636523232887,-7.874,-0.1575
34.46846270561218,2.090892730464658,-7.874,-0.1575
34.489701986312866,2.068738546092932,-7.874,-0.1575
34.51145148277283,2.0475877092185866,-7.874,-0.1575
34.53323221206665,2.0262375418437175,-7.874,-0.1575
34.55501174926758,2.0047675083687437,-7.874,-0.1575
34.576680421829224,1.983433501673749,-7.874,-0.1575
34.598647356033325,1.96212670033475,-7.874,-0.1575
34.62046504020691,1.9405853400669502,-7.874,-0.1575
34.64282274246216,1.91915706801339,-7.874,-0.1575
34.66476893424988,1.8971914136026782,-7.874,-0.1575
34.68712139129639,1.8755982827205357,-7.874,-0.1575
34.71034908294678,1.8536796565441072,-7.874,-0.1575
34.7320122718811,1.8309759313088214,-7.874,-0.1575
34.75299429893494,1.8093951862617643,-7.874,-0.1575
34.77498984336853,1.7886790372523529,-7.874,-0.1575
34.796348333358765,1.7671758074504706,-7.874,-0.1575
34.81851005554199,1.7460751614900942,-7.874,-0.1575
34.83997416496277,1.724415032298019,-7.874,-0.1575
34.861666202545166,1.7032830064596038,-7.874,-0.1575
34.88392615318298,1.681936601291921,-7.874,-0.1575
34.9056613445282,1.6601473202583843,-7.874,-0.1575
34.92737793922424,1.6387494640516769,-7.874,-0.1575
34.94924473762512,1.6173498928103354,-7.874,-0.1575
34.971222162246704,1.5957899785620673,-7.874,-0.1575
34.992963552474976,1.5742779957124136,-7.874,-0.1575
35.014304637908936,1.5528555991424828,-7.874,-0.1575
35.035500288009644,1.5317711198284967,-7.874,-0.1575
35.05744385719299,1.5109142239656994,-7.874,-0.1575
35.079108476638794,1.48946284479314,-7.874,-0.1575
35.100943088531494,1.468052568958628,-7.874,-0.1575
35.12407875061035,1.4466505137917256,-7.874,-0.1575
35.14594841003418,1.4242101027583454,-7.874,-0.1575
35.16759657859802,1.4024420205516692,-7.874,-0.1575
35.190155267715454,1.381048404110334,-7.874,-0.1575
35.21176242828369,1.359089680822067,-7.874,-0.1575
35.23349857330322,1.3376579361644136,-7.874,-0.1575
35.255964517593384,1.3163315872328827,-7.874,-0.1575
35.2780225276947,1.2943863174465766,-7.874,-0.1575
35.300251483917236,1.2726372634893155,-7.874,-0.1575
35.32222056388855,1.2507674526978632,-7.874,-0.1575
35.34387254714966,1.2291934905395727,-7.874,-0.1575
35.36570882797241,1.2075186981079145,-7.874,-0.1575
35.38745713233948,1.186303739621583,-7.874,-0.1575
35.41047644615173,1.1649407479243168,-7.874,-0.1575
35.43230891227722,1.1426681495848634,-7.874,-0.1575
35.45379877090454,1.1209336299169728,-7.874,-0.1575
35.4771089553833,1.0997067259833946,-7.874,-0.1575
35.498934507369995,1.077141345196679,-7.874,-0.1575
35.520402908325195,1.0555082690393358,-7.874,-0.1575
35.54243230819702,1.034221653807867,-7.874,-0.1575
35.56381630897522,1.0126843307615736,-7.874,-0.1575
35.585331439971924,0.9914968661523147,-7.874,-0.1575
35.60714912414551,0.970379373230463,-7.874,-0.1575
35.62891674041748,0.9490358746460927,-7.874,-0.1575
35.65093684196472,0.9275671749292187,-7.874,-0.1575
35.67263984680176,0.9059934349858437,-7.874,-0.1575
35.69396138191223,0.8845586869971688,-7.874,-0.1575
35.71559190750122,0.8635517373994338,-7.874,-0.1575
35.73734974861145,0.8423103474798868,-7.874,-0.1575
35.75971436500549,0.8209420694959775,-7.874,-0.1575
35.7814359664917,0.7990684138991955,-7.874,-0.1575
35.80320072174072,0.7776536827798392,-7.874,-0.1575
35.824971437454224,0.7562507365559679,-7.874,-0.1575
35.846758127212524,0.7348501473111936,-7.874,-0.1575
35.868319511413574,0.7133700294622387,-7.874,-0.1575
35.889965772628784,0.6921140058924478,-7.874,-0.1575
35.912710428237915,0.6709028011784895,-7.874,-0.1575
35.93465828895569,0.6487405602356979,-7.874,-0.1575
35.956624031066895,0.6268681120471395,-7.874,-0.1575
35.97850465774536,0.6053736224094279,-7.874,-0.1575
36.0003547668457,0.5838747244818856,-7.874,-0.1575
36.02225685119629,0.5623749448963772,-7.874,-0.1575
36.043341398239136,0.5407949889792755,-7.874,-0.1575
36.065727949142456,0.5199989977958551,-7.874,-0.1575
36.087589502334595,0.4981597995591711,-7.874,-0.1575
36.10965442657471,0.47659195991183423,-7.874,-0.1575
36.13107466697693,0.45499839198236686,-7.874,-0.1575
36.152865171432495,0.4337996783964734,-7.874,-0.1575
36.1746826171875,0.4124399356792947,-7.874,-0.1575
36.19657611846924,0.390967987135859,-7.874,-0.1575
36.21782827377319,0.3694735974271718,-7.874,-0.1575
36.23963117599487,0.34853471948543435,-7.874,-0.1575
36.261001110076904,0.32706694389708685,-7.874,-0.1575
36.28291368484497,0.3060533887794174,-7.874,-0.1575
36.305065870285034,0.2845706777558835,-7.874,-0.1575
36.326419830322266,0.2627541355511767,-7.874,-0.1575
36.34826135635376,0.24175082711023535,-7.874,-0.1575
36.370041370391846,0.22027016542204708,-7.874,-0.1575
36.39206504821777,0.19885403308440944,-7.874,-0.1575
36.415122747421265,0.1772908066168819,-7.874,-0.1575
36.43682146072388,0.1546581613233764,-7.874,-0.1575
36.459588050842285,0.13317163226467527,-7.874,-0.1575
36.48235368728638,0.11095432645293506,-7.874,-0.1575
36.505528926849365,0.08875086529058701,-7.874,-0.1575
36.52757525444031,0.06607017305811741,-7.874,-0.1575
36.54992961883545,0.044254034611623486,-7.874,-0.1575
36.571810483932495,0.0251708069223247,-7.874,-0.1575
36.59314155578613,0.011514161384464941,-7.874,-0.1575
36.615675926208496,0.0035028322768929886,-7.874,-0.1575
36.63817548751831,0.0007005664553785978,-7.874,-0.1575
36.65977072715759,0.00014011329107571958,-7.874,-0.1575
36.6817569732666,2.8022658215143916e-05,-7.874,-0.1575
36.70476174354553,5.604531643028784e-06,-7.874,-0.1575
36.726558685302734,1.120906328605757e-06,-7.8728,-0.1575
36.74783396720886,2.2418126572115138e-07,-7.86736,-0.1575
36.76983976364136,4.483625314423028e-08,-7.856912,-0.1575
36.791576862335205,8.967250628846057e-09,-7.8406624,-0.1575
36.81476378440857,1.7934501257692115e-09,-7.8203724800000005,-0.1575
36.836907148361206,3.586900251538423e-10,-7.798074496000001,-0.1575
36.8593225479126,7.173800503076846e-11,-7.776174899200001,-0.1575
36.880661964416504,1.4347601006153693e-11,-7.754194979840001,-0.1575
36.90212845802307,2.8695202012307387e-12,-7.732998995968,-0.1575
36.92402243614197,5.739040402461478e-13,-7.7118797991936,-0.1575
36.946130990982056,1.1478080804922956e-13,-7.69037595983872,-0.1575
36.967875242233276,2.2956161609845913e-14,-7.668715191967744,-0.1575
36.98992466926575,4.591232321969183e-15,-7.64734303839355,-0.1575
37.01135039329529,9.182464643938366e-16,-7.62562860767871,-0.1575
37.03314566612244,1.8364929287876734e-16,-7.604485721535743,-0.1575
37.05531907081604,3.672985857575347e-17,-7.583137144307148,-0.1575
37.07739305496216,7.345971715150694e-18,-7.56142742886143,-0.1575
37.09858775138855,1.4691943430301389e-18,-7.539725485772286,-0.1575
37.120928049087524,2.9383886860602777e-19,-7.518665097154457,-0.1575
37.14445662498474,5.876777372120555e-20,-7.496853019430892,-0.1575
37.16641283035278,1.1753554744241111e-20,-7.474090603886179,-0.1575
37.188316345214844,2.3507109488482224e-21,-7.452178120777236,-0.1575
37.21102857589722,4.701421897696445e-22,-7.430595624155448,-0.1575
37.23486328125,9.40284379539289e-23,-7.40843912483109,-0.1575
37.256513357162476,1.8805687590785783e-23,-7.385207824966218,-0.1575
37.278785705566406,3.761137518157157e-24,-7.363521564993245,-0.1575
37.30101251602173,7.522275036314314e-25,-7.341664312998649,-0.1575
37.32281279563904,1.504455007262863e-25,-7.31977286259973,-0.1575
37.344404458999634,3.0089100145257263e-26,-7.298274572519947,-0.1575
37.367088079452515,6.017820029051453e-27,-7.27709491450399,-0.1575
37.38878107070923,1.2035640058102907e-27,-7.254938982900798,-0.1575
37.41045117378235,2.4071280116205815e-28,-7.23346779658016,-0.1575
37.432140827178955,4.814256023241163e-29,-7.212133559316033,-0.1575
37.45409345626831,9.628512046482326e-30,-7.190826711863207,-0.1575
37.47524976730347,1.9257024092964652e-30,-7.169285342372643,-0.1575
37.49720907211304,3.8514048185929307e-31,-7.148337068474529,-0.1575
37.51874256134033,7.702809637185862e-32,-7.126947413694906,-0.1575
37.54050397872925,1.5405619274371725e-32,-7.105709482738981,-0.1575
37.56210207939148,3.081123854874345e-33,-7.084341896547796,-0.1575
37.5837721824646,6.16224770974869e-34,-7.063028379309559,-0.1575
37.60535407066345,1.2324495419497382e-34,-7.041725675861912,-0.1575
37.62675356864929,2.4648990838994764e-35,-7.020425135172383,-0.1575
37.648542642593384,4.929798167798953e-36,-6.999365027034477,-0.1575
37.67110276222229,9.859596335597906e-37,-6.978033005406896,-0.1575
37.693098068237305,1.9719192671195813e-37,-6.955766601081379,-0.1575
37.71475291252136,3.9438385342391627e-38,-6.934273320216276,-0.1575
37.737863540649414,7.887677068478325e-39,-6.912934664043256,-0.1575
37.76090168952942,1.577535413695665e-39,-6.890426932808652,-0.1575
37.78257131576538,3.1550708273913304e-40,-6.867845386561731,-0.1575
37.804600954055786,6.310141654782661e-41,-6.846289077312347,-0.1575
37.82638144493103,1.2620283309565322e-41,-6.82469781546247,-0.1575
37.84789276123047,2.5240566619130645e-42,-6.803259563092495,-0.1575
37.86975860595703,5.048113323826129e-43,-6.782011912618499,-0.1575
37.89156651496887,1.0096226647652258e-43,-6.760562382523701,-0.1575
37.91393852233887,2.0192453295304517e-44,-6.738992476504741,-0.1575
37.93622851371765,4.0384906590609035e-45,-6.717158495300948,-0.1575
37.95933198928833,8.076981318121807e-46,-6.69527169906019,-0.1575
37.98100686073303,1.6153962636243614e-46,-6.672734339812038,-0.1575
38.00258731842041,3.230792527248723e-47,-6.651186867962409,-0.1575
38.02373814582825,6.461585054497447e-48,-6.629917373592482,-0.1575
38.044981718063354,1.2923170108994894e-48,-6.609023474718496,-0.1575
38.06703972816467,2.584634021798979e-49,-6.5881246949437,-0.1575
38.08820819854736,5.169268043597959e-50,-6.56666493898874,-0.1575
38.110613107681274,1.0338536087195918e-50,-6.545732987797749,-0.1575
38.13227844238281,2.067707217439184e-51,-6.52394659755955,-0.1575
38.154008865356445,4.135414434878368e-52,-6.50246931951191,-0.1575
38.17594909667969,8.270828869756736e-53,-6.481133863902382,-0.1575
38.19774389266968,1.6541657739513472e-53,-6.459506772780477,-0.1575
38.219666957855225,3.3083315479026944e-54,-6.438061354556096,-0.1575
38.241838216781616,6.61666309580539e-55,-6.416572270911219,-0.1575
38.263490438461304,1.323332619161078e-55,-6.394674454182244,-0.1575
38.28542733192444,2.6466652383221562e-56,-6.373414890836449,-0.1575
38.30796027183533,5.293330476644313e-57,-6.35196297816729,-0.1575
38.330546140670776,1.0586660953288625e-57,-6.329832595633459,-0.1575
38.352641582489014,2.117332190657725e-58,-6.307726519126692,-0.1575
38.37414526939392,4.2346643813154505e-59,-6.2858653038253385,-0.1575
38.39575743675232,8.469328762630902e-60,-6.264693060765068,-0.1575
38.41766357421875,1.6938657525261805e-60,-6.243418612153015,-0.1575
38.43923735618591,3.387731505052361e-61,-6.221883722430603,-0.1575
38.46109366416931,6.775463010104722e-62,-6.200616744486121,-0.1575
38.482290267944336,1.3550926020209444e-62,-6.179163348897225,-0.1575
38.50511717796326,2.710185204041889e-63,-6.1581526697794455,-0.1575
38.52688980102539,5.420370408083779e-64,-6.136030533955889,-0.1575
38.548266887664795,1.0840740816167558e-64,-6.114486106791178,-0.1575
38.57033705711365,2.1681481632335115e-65,-6.093377221358236,-0.1575
38.592416763305664,4.336296326467023e-66,-6.071795444271648,-0.1575
38.61461329460144,8.672592652934047e-67,-6.050119088854331,-0.1575
38.63750863075256,1.7345185305868093e-67,-6.028343817770866,-0.1575
38.658796310424805,3.469037061173619e-68,-6.005988763554173,-0.1575
38.68073296546936,6.938074122347238e-69,-5.9847977527108345,-0.1575
38.70276594161987,1.3876148244694477e-69,-5.963199550542167,-0.1575
38.7244393825531,2.7752296489388955e-70,-5.941599910108434,-0.1575
38.74646973609924,5.550459297877791e-71,-5.9202399820216876,-0.1575
38.76814556121826,1.1100918595755584e-71,-5.898607996404338,-0.1575
38.790148973464966,2.220183719151117e-72,-5.877241599280867,-0.1575
38.81179118156433,4.440367438302234e-73,-5.855688319856174,-0.1575
38.83391308784485,8.880734876604469e-74,-5.834337663971235,-0.1575
38.85568833351135,1.776146975320894e-74,-5.812707532794247,-0.1575
38.87813067436218,3.5522939506417883e-75,-5.791181506558849,-0.1575
38.90091037750244,7.104587901283578e-76,-5.76927630131177,-0.1575
38.92249345779419,1.4209175802567157e-76,-5.746975260262354,-0.1575
38.94522404670715,2.8418351605134316e-77,-5.725315052052471,-0.1575
38.96779465675354,5.6836703210268635e-78,-5.703303010410495,-0.1575
38.989468812942505,1.1367340642053727e-78,-5.6811406020821,-0.1575
39.011263847351074,2.2734681284107454e-79,-5.65966812041642,-0.1575
39.03406310081482,4.546936256821491e-80,-5.638253624083284,-0.1575
39.055689334869385,9.093872513642982e-81,-5.616050724816658,-0.1575
39.07751250267029,1.8187745027285965e-81,-5.594570144963331,-0.1575
39.10017538070679,3.6375490054571934e-82,-5.573154028992667,-0.1575
39.12159299850464,7.275098010914387e-83,-5.551030805798534,-0.1575
39.144065618515015,1.4550196021828776e-83,-5.529806161159707,-0.1575
39.165839195251465,2.9100392043657555e-84,-5.507801232231941,-0.1575
39.18778657913208,5.820078408731512e-85,-5.486280246446389,-0.1575
39.2096209526062,1.1640156817463024e-85,-5.464696049289278,-0.1575
39.23131966590881,2.328031363492605e-86,-5.443259209857856,-0.1575
39.255250215530396,4.65606272698521e-87,-5.421851841971572,-0.1575
39.27725911140442,9.312125453970422e-88,-5.398770368394315,-0.1575
39.2989604473114,1.8624250907940843e-88,-5.376874073678864,-0.1575
39.32163882255554,3.724850181588169e-89,-5.355374814735773,-0.1575
39.34490346908569,7.449700363176338e-90,-5.333314962947155,-0.1575
39.366865396499634,1.4899400726352677e-90,-5.310582992589431,-0.1575
39.38812232017517,2.9798801452705354e-91,-5.2886765985178865,-0.1575
39.41069412231445,5.959760290541071e-92,-5.267575319703577,-0.1575
39.43277597427368,1.1919520581082142e-92,-5.245675063940716,-0.1575
39.45456314086914,2.383904116216429e-93,-5.223935012788144,-0.1575
39.47640776634216,4.767808232432858e-94,-5.2023870025576295,-0.1575
39.49960923194885,9.535616464865716e-95,-5.180957400511526,-0.1575
39.521130084991455,1.9071232929731435e-95,-5.158431480102306,-0.1575
39.542821168899536,3.814246585946287e-96,-5.136966296020461,-0.1575
39.564191579818726,7.628493171892574e-97,-5.115553259204092,-0.1575
39.58597230911255,1.525698634378515e-97,-5.094470651840819,-0.1575
39.60765027999878,3.05139726875703e-98,-5.073134130368164,-0.1575
39.629271030426025,6.10279453751406e-99,-5.051826826073633,-0.1575
39.65072536468506,1.220558907502812e-99,-5.030525365214727,-0.1575
39.67417597770691,2.441117815005624e-100,-5.0094650730429455,-0.1575
39.69588088989258,4.882235630011248e-101,-4.98685301460859,-0.1575
39.71800637245178,9.764471260022497e-102,-4.965210602921719,-0.1575
39.73925590515137,1.9528942520044996e-102,-4.9434421205843435,-0.1575
39.76100707054138,3.905788504008999e-103,-4.922368424116868,-0.1575
39.78337359428406,7.811577008017999e-104,-4.901033684823374,-0.1575
39.80524396896362,1.5623154016035998e-104,-4.878926736964675,-0.1575
39.82725477218628,3.1246308032072e-105,-4.857545347392935,-0.1575
39.849225759506226,6.2492616064144e-106,-4.835989069478587,-0.1575
39.87073755264282,1.24985232128288e-106,-4.814317813895718,-0.1575
39.892468214035034,2.4997046425657603e-107,-4.793183562779143,-0.1575
39.91504192352295,4.999409285131521e-108,-4.771836712555829,-0.1575
39.9378981590271,9.998818570263042e-109,-4.749807342511166,-0.1575
39.96008324623108,1.9997637140526085e-109,-4.727401468502234,-0.1575
39.98208165168762,3.999527428105217e-110,-4.705560293700447,-0.1575
40.00392270088196,7.999054856210434e-111,-4.68383205874009,-0.1575
40.025450706481934,1.5998109712420869e-111,-4.662286411748019,-0.1575
40.04796075820923,3.199621942484174e-112,-4.641017282349604,-0.1575
40.069857120513916,6.399243884968349e-113,-4.619083456469921,-0.1575
40.09158754348755,1.2798487769936699e-113,-4.597416691293985,-0.1575
40.11318588256836,2.55969755398734e-114,-4.576043338258797,-0.1575
40.13454461097717,5.11939510797468e-115,-4.554808667651759,-0.1575
40.15611290931702,1.023879021594936e-115,-4.533761733530352,-0.1575
40.178070306777954,2.0477580431898723e-116,-4.512592346706071,-0.1575
40.19966244697571,4.095516086379745e-117,-4.491078469341214,-0.1575
40.2212176322937,8.19103217275949e-118,-4.469735693868243,-0.1575
40.243228912353516,1.638206434551898e-118,-4.448587138773648,-0.1575
40.265886068344116,3.276412869103796e-119,-4.4269974277547295,-0.1575
40.28773045539856,6.552825738207592e-120,-4.404919485550946,-0.1575
40.30936121940613,1.3105651476415185e-120,-4.383223897110189,-0.1575
40.33204770088196,2.621130295283037e-121,-4.361844779422038,-0.1575
40.355098724365234,5.242260590566075e-122,-4.339808955884408,-0.1575
40.377456188201904,1.048452118113215e-122,-4.3172417911768814,-0.1575
40.39942765235901,2.09690423622643e-123,-4.2951283582353765,-0.1575
40.423611879348755,4.19380847245286e-124,-4.273425671647075,-0.1575
40.44563269615173,8.387616944905721e-125,-4.250045134329415,-0.1575
40.46770238876343,1.6775233889811442e-125,-4.2280890268658835,-0.1575
40.4901020526886,3.3550467779622884e-126,-4.206337805373177,-0.1575
40.511993408203125,6.710093555924577e-127,-4.184387561074635,-0.1575
40.53380370140076,1.3420187111849155e-127,-4.162797512214927,-0.1575
40.55531191825867,2.684037422369831e-128,-4.1413595024429855,-0.1575
40.578267097473145,5.3680748447396623e-129,-4.120111900488597,-0.1575
40.6002721786499,1.0736149689479326e-129,-4.09778238009772,-0.1575
40.62186884880066,2.147229937895865e-130,-4.076036476019544,-0.1575
40.643489360809326,4.2944598757917307e-131,-4.0546472952039085,-0.1575
40.66528820991516,8.588919751583461e-132,-4.033409459040782,-0.1575
40.686888217926025,1.7177839503166924e-132,-4.0119618918081565,-0.1575
40.70881628990173,3.435567900633385e-133,-3.9907923783616317,-0.1575
40.73200178146362,6.87113580126677e-134,-3.9691984756723264,-0.1575
40.75364804267883,1.3742271602533542e-134,-3.9467196951344654,-0.1575
40.775156021118164,2.7484543205067085e-135,-3.925183939026893,-0.1575
40.798415660858154,5.496908641013417e-136,-3.903916787805379,-0.1575
40.82031989097595,1.0993817282026835e-136,-3.881343357561076,-0.1575
40.84264349937439,2.198763456405367e-137,-3.8596286715122154,-0.1575
40.865065813064575,4.397526912810734e-138,-3.8377657343024434,-0.1575
40.88668990135193,8.795053825621468e-139,-3.815713146860489,-0.1575
40.908379793167114,1.7590107651242937e-139,-3.794342629372098,-0.1575
40.9303457736969,3.5180215302485874e-140,-3.77302852587442,-0.1575
40.952412128448486,7.036043060497175e-141,-3.7514857051748844,-0.1575
40.97480797767639,1.4072086120994353e-141,-3.729817141034977,-0.1575
40.99650025367737,2.8144172241988706e-142,-3.7076434282069957,-0.1575
41.01938724517822,5.628834448397742e-143,-3.6863286856413993,-0.1575
41.04088759422302,1.1257668896795484e-143,-3.66406573712828,-0.1575
41.062337160110474,2.251533779359097e-144,-3.6426531474256567,-0.1575
41.085750341415405,4.503067558718194e-145,-3.6215706294851313,-0.1575
41.107518434524536,9.006135117436389e-146,-3.5989541258970266,-0.1575
41.12948417663574,1.8012270234872778e-146,-3.5773108251794055,-0.1575
41.1521577835083,3.6024540469745557e-147,-3.555622165035881,-0.1575
41.174264907836914,7.204908093949112e-148,-3.533444433007176,-0.1575
41.196062088012695,1.4409816187898225e-148,-3.5116488866014355,-0.1575
41.21838903427124,2.8819632375796453e-149,-3.4900897773202875,-0.1575
41.24203658103943,5.763926475159291e-150,-3.4682579554640576,-0.1575
41.26423692703247,1.1527852950318582e-150,-3.445331591092812,-0.1575
41.285969495773315,2.3055705900637165e-151,-3.423306318218563,-0.1575
41.307708501815796,4.611141180127433e-152,-3.401781263643713,-0.1575
41.33075308799744,9.222282360254867e-153,-3.3803562527287427,-0.1575
41.35299038887024,1.8444564720509734e-153,-3.3579912505457483,-0.1575
41.37467074394226,3.688912944101947e-154,-3.33599825010915,-0.1575
41.39615035057068,7.377825888203895e-155,-3.31455965002183,-0.1575
41.41831016540527,1.475565177640779e-155,-3.293311930004366,-0.1575
41.44006633758545,2.951130355281558e-156,-3.2716223860008733,-0.1575
41.46147894859314,5.902260710563117e-157,-3.250164477200175,-0.1575
41.48527979850769,1.1804521421126234e-157,-3.2290728954400354,-0.1575
41.506988763809204,2.360904284225247e-158,-3.205974579088007,-0.1575
41.5286545753479,4.721808568450494e-159,-3.1844749158176016,-0.1575
41.55124235153198,9.443617136900989e-160,-3.1630549831635206,-0.1575
41.57315707206726,1.888723427380198e-160,-3.1410909966327045,-0.1575
41.59516191482544,3.777446854760396e-161,-3.119498199326541,-0.1575
41.61763882637024,7.554893709520792e-162,-3.0978196398653086,-0.1575
41.63891935348511,1.5109787419041586e-162,-3.075803927973062,-0.1575
41.660810232162476,3.021957483808317e-163,-3.0546007855946127,-0.1575
41.68316864967346,6.043914967616634e-164,-3.033160157118923,-0.1575
41.70443296432495,1.208782993523327e-164,-3.011352031423785,-0.1575
41.72619032859802,2.417565987046654e-165,-2.9902704062847567,-0.1575
41.74796104431152,4.835131974093308e-166,-2.9689340812569514,-0.1575
41.770087003707886,9.670263948186618e-167,-2.9475468162513905,-0.1575
41.791364431381226,1.9340527896373237e-167,-2.925829363250278,-0.1575
41.81252074241638,3.8681055792746476e-168,-2.904765872650056,-0.1575
41.83447337150574,7.736211158549296e-169,-2.8839131745300115,-0.1575
41.857473611831665,1.547242231709859e-169,-2.862542634906003,-0.1575
41.878777265548706,3.0944844634197183e-170,-2.8401085269812003,-0.1575
41.90085577964783,6.188968926839437e-171,-2.81890170539624,-0.1575
41.92235517501831,1.2377937853678876e-171,-2.7972203410792478,-0.1575
41.943920612335205,2.4755875707357754e-172,-2.7760040682158498,-0.1575
41.9657826423645,4.951175141471551e-173,-2.7548008136431696,-0.1575
41.98747992515564,9.902350282943104e-174,-2.733120162728634,-0.1575
42.0093777179718,1.9804700565886209e-174,-2.711984032545727,-0.1575
42.030274868011475,3.960940113177242e-175,-2.6905568065091456,-0.1575
42.05175518989563,7.921880226354485e-176,-2.6697913613018294,-0.1575
42.073580503463745,1.584376045270897e-176,-2.648758272260366,-0.1575
42.095744371414185,3.1687520905417947e-177,-2.627351654452073,-0.1575
42.11713624000549,6.33750418108359e-178,-2.6057103308904144,-0.1575
42.139199018478394,1.2675008362167182e-178,-2.584502066178083,-0.1575
42.16127061843872,2.5350016724334366e-179,-2.562900413235617,-0.1575
42.18272614479065,5.070003344866874e-180,-2.541220082647124,-0.1575
42.204620122909546,1.0140006689733748e-180,-2.519924016529425,-0.1575
42.22596526145935,2.0280013379467496e-181,-2.498544803305885,-0.1575
42.247498512268066,4.056002675893499e-182,-2.477148960661177,-0.1575
42.26932168006897,8.112005351786998e-183,-2.4562297921322354,-0.1575
42.29068851470947,1.6224010703573997e-183,-2.4349259584264473,-0.1575
42.31398391723633,3.2448021407147994e-184,-2.4138651916852893,-0.1575
42.33571815490723,6.4896042814296e-185,-2.391333038337058,-0.1575
42.357526779174805,1.29792085628592e-185,-2.369706607667412,-0.1575
42.37939429283142,2.59584171257184e-186,-2.3482613215334824,-0.1575
42.401251554489136,5.191683425143681e-187,-2.3267722643066966,-0.1575
42.42259430885315,1.0383366850287361e-187,-2.3051944528613393,-0.1575
42.44468879699707,2.0766733700574724e-188,-2.284158890572268,-0.1575
42.467421531677246,4.153346740114945e-189,-2.2625117781144537,-0.1575
42.489182233810425,8.306693480229891e-190,-2.240422355622891,-0.1575
42.51106834411621,1.6613386960459783e-190,-2.2187244711245784,-0.1575
42.532389640808105,3.3226773920919566e-191,-2.197184894224916,-0.1575
42.554474115371704,6.645354784183913e-192,-2.1761569788449835,-0.1575
42.57603478431702,1.3290709568367827e-192,-2.1545913957689966,-0.1575
42.598459005355835,2.6581419136735657e-193,-2.1333982791537993,-0.1575
42.62024736404419,5.3162838273471316e-194,-2.11139965583076,-0.1575
42.64208650588989,1.0632567654694264e-194,-2.089879931166152,-0.1575
42.664252519607544,2.126513530938853e-195,-2.0683759862332307,-0.1575
42.68596816062927,4.253027061877706e-196,-2.046635197246646,-0.1575
42.707847595214844,8.506054123755413e-197,-2.0252470394493294,-0.1575
42.729952573776245,1.7012108247510825e-197,-2.003769407889866,-0.1575
42.75126075744629,3.4024216495021655e-198,-1.9820338815779732,-0.1575
42.77455186843872,6.804843299004331e-199,-1.960966776315595,-0.1575
42.79674291610718,1.3609686598008663e-199,-1.9383533552631191,-0.1575
42.81802487373352,2.721937319601733e-200,-1.916310671052624,-0.1575
42.83969521522522,5.443874639203466e-201,-1.895342134210525,-0.1575
42.86174392700195,1.0887749278406933e-201,-1.874028426842105,-0.1575
42.88354015350342,2.177549855681387e-202,-1.852485685368421,-0.1575
42.90524220466614,4.355099711362774e-203,-1.8310571370736843,-0.1575
42.92830300331116,8.710199422725549e-204,-1.8097314274147371,-0.1575
42.94955253601074,1.74203988454511e-204,-1.7872262854829475,-0.1575
42.97148633003235,3.48407976909022e-205,-1.7660852570965897,-0.1575
42.99258351325989,6.968159538180441e-206,-1.7445770514193182,-0.1575
43.01626110076904,1.3936319076360881e-206,-1.7237154102838637,-0.1575
43.03755259513855,2.7872638152721766e-207,-1.700823082056773,-0.1575
43.05926775932312,5.5745276305443535e-208,-1.6795246164113546,-0.1575
43.081467390060425,1.1149055261088707e-208,-1.6582249232822712,-0.1575
43.104562282562256,2.2298110522177415e-209,-1.6364449846564544,-0.1575
43.1261727809906,4.459622104435483e-210,-1.614008996931291,-0.1575
43.14764904975891,8.919244208870966e-211,-1.5924817993862583,-0.1575
43.16921401023865,1.7838488417741934e-211,-1.5712163598772517,-0.1575
43.191370487213135,3.567697683548387e-212,-1.5500832719754505,-0.1575
43.2139368057251,7.135395367096775e-213,-1.5284166543950901,-0.1575
43.236021995544434,1.427079073419355e-213,-1.5064033308790181,-0.1575
43.25778651237488,2.8541581468387103e-214,-1.4845606661758037,-0.1575
43.279707193374634,5.708316293677421e-215,-1.4630721332351608,-0.1575
43.30121421813965,1.1416632587354843e-215,-1.441494426647032,-0.1575
43.3228805065155,2.283326517470969e-216,-1.4202988853294065,-0.1575
43.34454274177551,4.566653034941938e-217,-1.3990197770658812,-0.1575
43.36647915840149,9.133306069883876e-218,-1.3777239554131762,-0.1575
43.388293981552124,1.8266612139767753e-218,-1.3562647910826353,-0.1575
43.41039323806763,3.653322427953551e-219,-1.334772958216527,-0.1575
43.432472467422485,7.306644855907102e-220,-1.3131145916433056,-0.1575
43.45464301109314,1.4613289711814204e-220,-1.2913429183286613,-0.1575
43.47644901275635,2.922657942362841e-221,-1.2695485836657323,-0.1575
43.498271226882935,5.845315884725683e-222,-1.2480697167331465,-0.1575
43.52069401741028,1.1690631769451366e-222,-1.2265739433466294,-0.1575
43.543112993240356,2.3381263538902732e-223,-1.204674788669326,-0.1575
43.56461501121521,4.676252707780546e-224,-1.1826949577338652,-0.1575
43.58645272254944,9.352505415561093e-225,-1.161338991546773,-0.1575
43.60872149467468,1.8705010831122187e-225,-1.1399477983093547,-0.1575
43.630539655685425,3.741002166224438e-226,-1.118149559661871,-0.1575
43.652428150177,7.482004332448875e-227,-1.096589911932374,-0.1575
43.67455863952637,1.4964008664897752e-227,-1.075157982386475,-0.1575
43.696481704711914,2.99280173297955e-228,-1.0534315964772951,-0.1575
43.71794509887695,5.9856034659591005e-229,-1.031726319295459,-0.1575
43.73967790603638,1.1971206931918201e-229,-1.010585263859092,-0.1575
43.76128315925598,2.3942413863836403e-230,-0.9892370527718184,-0.1575
43.783578395843506,4.788482772767281e-231,-0.9680074105543638,-0.1575
43.804869174957275,9.576965545534562e-232,-0.9461614821108728,-0.1575
43.826427936553955,1.9153931091069123e-232,-0.9250722964221746,-0.1575
43.84884762763977,3.830786218213825e-233,-0.9038944592844349,-0.1575
43.87152457237244,7.66157243642765e-234,-0.8820588918568871,-0.1575
43.89318919181824,1.53231448728553e-234,-0.8598517783713775,-0.1575
43.91486072540283,3.0646289745710603e-235,-0.8382903556742756,-0.1575
43.936546087265015,6.129257949142121e-236,-0.8169380711348552,-0.1575
43.95867848396301,1.2258515898284244e-236,-0.795707614226971,-0.1575
43.981661796569824,2.451703179656849e-237,-0.7740215228453942,-0.1575
44.00340557098389,4.9034063593136984e-238,-0.7516843045690789,-0.1575
44.0251989364624,9.806812718627397e-239,-0.7300968609138159,-0.1575
44.0470027923584,1.9613625437254793e-239,-0.7084993721827632,-0.1575
44.070205211639404,3.922725087450959e-240,-0.6870598744365526,-0.1575
44.09196329116821,7.845450174901918e-241,-0.6646119748873105,-0.1575
44.11386322975159,1.569090034980384e-241,-0.6429223949774621,-0.1575
44.135496377944946,3.1381800699607677e-242,-0.6213844789954924,-0.1575
44.15877366065979,6.276360139921536e-243,-0.6000368957990985,-0.1575
44.180458784103394,1.255272027984307e-243,-0.5775273791598197,-0.1575
44.20246744155884,2.5105440559686142e-244,-0.5559854758319639,-0.1575
44.224323749542236,5.021088111937229e-245,-0.5343170951663928,-0.1575
44.246289014816284,1.0042176223874457e-245,-0.5127834190332785,-0.1575
44.268452167510986,2.0084352447748914e-246,-0.49127668380665573,-0.1575
44.2899751663208,4.016870489549783e-247,-0.46945533676133117,-0.1575
44.31195044517517,8.033740979099567e-248,-0.44821106735226623,-0.1575
44.33393096923828,1.6067481958199136e-248,-0.42668221347045326,-0.1575
44.35595202445984,3.2134963916398274e-249,-0.40501644269409065,-0.1575
44.37791037559509,6.426992783279655e-250,-0.3834032885388181,-0.1575
44.39932203292847,1.2853985566559311e-250,-0.3618006577077636,-0.1575
44.42120385169983,2.5707971133118626e-251,-0.34068013154155274,-0.1575
44.44353699684143,5.141594226623725e-252,-0.31925602630831057,-0.1575
44.464818239212036,1.0283188453247451e-252,-0.29729120526166214,-0.1575
44.48664045333862,2.0566376906494902e-253,-0.2761782410523324,-0.1575
44.50802206993103,4.1132753812989805e-254,-0.2548356482104665,-0.1575
44.53033638000488,8.226550762597962e-255,-0.2337671296420933,-0.1575
44.55231237411499,1.6453101525195925e-255,-0.21203342592841867,-0.1575
44.57432770729065,3.2906203050391855e-256,-0.19032668518568377,-0.1575
44.595749855041504,6.5812406100783714e-257,-0.16870533703713675,-0.1575
44.61704897880554,1.3162481220156744e-257,-0.14750106740742736,-0.1575
44.639063596725464,2.632496244031349e-258,-0.12654021348148548,-0.1575
44.66081523895264,5.264992488062699e-259,-0.10506804269629709,-0.1575
44.682788372039795,1.0529984976125398e-259,-0.08357360853925942,-0.1575
44.70443105697632,2.1059969952250796e-260,-0.06199472170785189,-0.1575
44.72573208808899,4.211993990450159e-261,-0.04095894434157038,-0.1575
44.74752593040466,8.423987980900319e-262,-0.023231788868314077,-0.1575
44.76905965805054,1.684797596180064e-262,-0.010326357773662816,-0.1575
44.79113554954529,3.3695951923601284e-263,-0.0029452715547325634,-0.1575
44.81408190727234,6.739190384720257e-264,-0.0005890543109465128,-0.1575
44.83735275268555,1.3478380769440516e-264,-0.00011781086218930256,-0.1575
44.859018087387085,2.6956761538881035e-265,-2.3562172437860515e-05,-0.1575
44.8818154335022,5.3913523077762073e-266,-4.712434487572103e-06,-0.1575
44.903576374053955,1.0782704615552415e-266,-9.424868975144207e-07,-0.15718
44.92525315284729,2.156540923110483e-267,-1.8849737950288414e-07,-0.156076
44.94693684577942,4.3130818462209664e-268,-3.769947590057683e-08,-0.1540952
44.96814203262329,8.626163692441934e-269,-7.539895180115367e-09,-0.15121904
44.99152088165283,1.7252327384883868e-269,-1.5079790360230735e-09,-0.147443808
45.01298809051514,3.4504654769767737e-270,-3.015958072046147e-10,-0.1424487616
45.034903049468994,6.900930953953548e-271,-6.031916144092294e-11,-0.13672975232
45.0569531917572,1.3801861907907098e-271,-1.206383228818459e-11,-0.130065950464
45.07880520820618,2.7603723815814198e-272,-2.412766457636918e-12,-0.1224131900928
45.100444316864014,5.52074476316284e-273,-4.825532915273836e-13,-0.11376263801856001
45.123124837875366,1.104148952632568e-273,-9.651065830547673e-14,-0.10435252760371201
45.14523696899414,2.208297905265136e-274,-1.9302131661095348e-14,-0.0934305055207424
45.16721200942993,4.4165958105302725e-275,-3.86042633221907e-15,-0.08196610110414848
45.18953013420105,8.833191621060546e-276,-7.72085266443814e-16,-0.0695132202208297
45.21165156364441,1.7666383242121092e-276,-1.544170532887628e-16,-0.05598264404416595
45.233776569366455,3.5332766484242187e-277,-3.088341065775256e-17,-0.04159652880883319
45.255759477615356,7.066553296848437e-278,-6.176682131550512e-18,-0.02695930576176664
45.27734446525574,1.4133106593696876e-278,-1.2353364263101025e-18,-0.01227186115235333
45.29891538619995,2.8266213187393754e-279,-2.470672852620205e-19,0.002185627769529334
45.32109570503235,5.653242637478751e-280,-4.941345705240411e-20,0.016517125553905866
45.342592000961304,1.1306485274957502e-280,-9.882691410480822e-21,0.031143425110781175
45.36412787437439,2.2612970549915007e-281,-1.9765382820961646e-21,0.04558868502215624
