time_s,x_mm,y_mm,z_mm,velocity_mms,acceleration_mms2
1.7234,0.0000,0.0000,0.0000,0.0148,1.7129
1.7451,0.0000,0.0000,-0.0003,0.0148,1.7129
1.7665,0.0000,0.0000,-0.0014,0.0515,1.7129
1.7876,0.0000,0.0000,-0.0033,0.0900,1.8257
1.8091,0.0000,0.0000,-0.0062,0.1329,1.9914
1.8304,0.0000,0.0000,-0.0100,0.1772,2.0832
1.8517,0.0000,0.0000,-0.0146,0.2157,1.8072
1.8732,0.0000,0.0000,-0.0201,0.2589,2.0123
1.8949,0.0000,0.0000,-0.0265,0.2948,1.6551
1.9162,0.0000,0.0000,-0.0339,0.3487,2.5288
1.9381,0.0000,0.0000,-0.0422,0.3783,1.3500
1.9597,0.0000,0.0000,-0.0516,0.4327,2.5198
1.9808,0.0000,0.0000,-0.0617,0.4791,2.2019
2.0019,0.0000,0.0000,-0.0726,0.5154,1.7140
2.0232,0.0000,0.0000,-0.0839,0.5320,0.7821
2.0443,0.0000,0.0000,-0.0948,0.5148,-0.8138
2.0654,0.0000,0.0000,-0.1050,0.4827,-1.5190
2.0868,0.0000,0.0000,-0.1140,0.4243,-2.7314
2.1077,0.0000,0.0000,-0.1223,0.3975,-1.2853
2.1289,0.0000,0.0000,-0.1297,0.3458,-2.4367
2.1501,0.0000,0.0000,-0.1362,0.3072,-1.8221
2.1714,0.0000,0.0000,-0.1419,0.2679,-1.8439
2.1928,0.0000,0.0000,-0.1467,0.2254,-1.9902
2.2138,0.0000,0.0000,-0.1506,0.1868,-1.8381
2.2347,0.0000,0.0000,-0.1536,0.1447,-2.0126
2.2561,0.0000,0.0000,-0.1557,0.0954,-2.2990
2.2772,0.0000,0.0000,-0.1569,0.0574,-1.8052
2.2988,0.0000,0.0000,-0.1574,0.0223,-1.6229
2.3202,0.0000,0.0000,-0.1575,0.0045,-0.8296
2.3413,0.0000,0.0000,-0.1575,0.0009,-0.1700
2.3638,0.0000,0.0000,-0.1575,0.0002,-0.0330
2.3853,0.0016,0.0000,-0.1575,0.0743,3.4466
2.4074,0.0077,0.0000,-0.1575,0.2759,9.1459
2.4289,0.0195,0.0000,-0.1575,0.5461,12.5334
2.4504,0.0365,0.0000,-0.1575,0.7913,11.4164
2.4721,0.0567,0.0000,-0.1575,0.9358,6.6666
2.4935,0.0777,0.0000,-0.1575,0.9798,2.0536
2.5149,0.0988,0.0000,-0.1575,0.9865,0.3137
2.5360,0.1198,0.0000,-0.1575,0.9969,0.4890
2.5572,0.1407,0.0000,-0.1575,0.9800,-0.7904
2.5789,0.1615,0.0000,-0.1575,0.9615,-0.8592
2.6006,0.1828,0.0000,-0.1575,0.9797,0.8423
2.6219,0.2041,0.0000,-0.1575,0.9977,0.8421
2.6434,0.2251,0.0000,-0.1575,0.9831,-0.6820
2.6646,0.2462,0.0000,-0.1575,0.9931,0.4703
2.6862,0.2672,0.0000,-0.1575,0.9700,-1.0708
2.7074,0.2886,0.0000,-0.1575,1.0061,1.6979
2.7284,0.3093,0.0000,-0.1575,0.9920,-0.6738
2.7495,0.3299,0.0000,-0.1575,0.9708,-1.0017
2.7709,0.3507,0.0000,-0.1575,0.9770,0.2905
2.7921,0.3716,0.0000,-0.1575,0.9830,0.2835
2.8139,0.3926,0.0000,-0.1575,0.9628,-0.9253
2.8353,0.4139,0.0000,-0.1575,0.9946,1.4837
2.8564,0.4349,0.0000,-0.1575,0.9977,0.1457
2.8778,0.4559,0.0000,-0.1575,0.9818,-0.7412
2.8992,0.4768,0.0000,-0.1575,0.9771,-0.2246
2.9206,0.4978,0.0000,-0.1575,0.9805,0.1629
2.9417,0.5188,0.0000,-0.1575,0.9932,0.6006
2.9628,0.5396,0.0000,-0.1575,0.9857,-0.3568
2.9840,0.5604,0.0000,-0.1575,0.9810,-0.2199
3.0053,0.5812,0.0000,-0.1575,0.9767,-0.2050
3.0270,0.6022,0.0000,-0.1575,0.9660,-0.4893
3.0486,0.6234,0.0000,-0.1575,0.9828,0.7757
3.0702,0.6447,0.0000,-0.1575,0.9875,0.2178
3.0915,0.6658,0.0000,-0.1575,0.9942,0.3165
3.1131,0.6868,0.0000,-0.1575,0.9699,-1.1223
3.1347,0.7080,0.0000,-0.1575,0.9801,0.4725
3.1562,0.7293,0.0000,-0.1575,0.9899,0.4582
3.1781,0.7505,0.0000,-0.1575,0.9714,-0.8514
3.1996,0.7719,0.0000,-0.1575,0.9917,0.9444
3.2214,0.7931,0.0000,-0.1575,0.9741,-0.8068
3.2425,0.8145,0.0000,-0.1575,1.0132,1.8527
3.2640,0.8354,0.0000,-0.1575,0.9730,-1.8684
3.2855,0.8564,0.0000,-0.1575,0.9780,0.2305
3.3069,0.8776,0.0000,-0.1575,0.9909,0.6048
3.3283,0.8989,0.0000,-0.1575,0.9956,0.2187
3.3494,0.9196,0.0000,-0.1575,0.9802,-0.7269
3.3708,0.9404,0.0000,-0.1575,0.9740,-0.2910
3.3920,0.9614,0.0000,-0.1575,0.9909,0.7946
3.4134,0.9823,0.0000,-0.1575,0.9750,-0.7420
3.4349,1.0033,0.0000,-0.1575,0.9729,-0.0951
3.4562,1.0245,0.0000,-0.1575,0.9977,1.1608
3.4776,1.0455,0.0000,-0.1575,0.9789,-0.8752
3.4991,1.0665,0.0000,-0.1575,0.9772,-0.0774
3.5202,1.0876,0.0000,-0.1575,1.0021,1.1772
3.5415,1.1084,0.0000,-0.1575,0.9789,-1.0945
3.5632,1.1293,0.0000,-0.1575,0.9590,-0.9118
3.5847,1.1506,0.0000,-0.1575,0.9908,1.4784
3.6059,1.1717,0.0000,-0.1575,1.0004,0.4573
3.6271,1.1926,0.0000,-0.1575,0.9805,-0.9370
3.6482,1.2136,0.0000,-0.1575,0.9944,0.6570
3.6699,1.2342,0.0000,-0.1575,0.9557,-1.7846
3.6910,1.2554,0.0000,-0.1575,1.0042,2.2987
3.7121,1.2763,0.0000,-0.1575,0.9877,-0.7835
3.7333,1.2971,0.0000,-0.1575,0.9816,-0.2853
3.7549,1.3179,0.0000,-0.1575,0.9632,-0.8535
3.7760,1.3391,0.0000,-0.1575,1.0028,1.8740
3.7972,1.3598,0.0000,-0.1575,0.9785,-1.1452
3.8183,1.3808,0.0000,-0.1575,0.9933,0.6983
3.8398,1.4014,0.0000,-0.1575,0.9626,-1.4295
3.8615,1.4225,0.0000,-0.1575,0.9709,0.3815
3.8837,1.4439,0.0000,-0.1575,0.9628,-0.3650
3.9051,1.4656,0.0000,-0.1575,1.0117,2.2825
3.9262,1.4867,0.0000,-0.1575,1.0016,-0.4820
3.9474,1.5076,0.0000,-0.1575,0.9843,-0.8140
3.9688,1.5284,0.0000,-0.1575,0.9745,-0.4578
3.9901,1.5494,0.0000,-0.1575,0.9849,0.4891
4.0119,1.5703,0.0000,-0.1575,0.9592,-1.1792
4.0332,1.5916,0.0000,-0.1575,0.9998,1.9016
4.0547,1.6127,0.0000,-0.1575,0.9834,-0.7626
4.0763,1.6337,0.0000,-0.1575,0.9730,-0.4776
4.0979,1.6550,0.0000,-0.1575,0.9815,0.3910
4.1191,1.6764,0.0000,-0.1575,1.0114,1.4169
4.1399,1.6972,0.0000,-0.1575,1.0008,-0.5129
4.1612,1.7177,0.0000,-0.1575,0.9618,-1.8313
4.1826,1.7386,0.0000,-0.1575,0.9773,0.7254
4.2037,1.7596,0.0000,-0.1575,0.9905,0.6234
4.2254,1.7805,0.0000,-0.1575,0.9654,-1.1591
4.2466,1.8017,0.0000,-0.1575,0.9995,1.6102
4.2682,1.8226,0.0000,-0.1575,0.9699,-1.3782
4.2893,1.8437,0.0000,-0.1575,0.9988,1.3673
4.3109,1.8646,0.0000,-0.1575,0.9697,-1.3514
4.3317,1.8857,0.0000,-0.1575,1.0137,2.1102
4.3531,1.9063,0.0000,-0.1575,0.9593,-2.5404
4.3746,1.9273,0.0000,-0.1575,0.9758,0.7653
4.3958,1.9483,0.0000,-0.1575,0.9939,0.8537
4.4173,1.9693,0.0000,-0.1575,0.9733,-0.9559
4.4386,1.9904,0.0000,-0.1575,0.9967,1.1008
4.4598,2.0113,0.0000,-0.1575,0.9831,-0.6399
4.4809,2.0322,0.0000,-0.1575,0.9910,0.3740
4.5028,2.0529,0.0000,-0.1575,0.9475,-1.9862
4.5242,2.0743,0.0000,-0.1575,0.9938,2.1570
4.5456,2.0955,0.0000,-0.1575,0.9937,-0.0046
4.5669,2.1165,0.0000,-0.1575,0.9877,-0.2829
4.5882,2.1375,0.0000,-0.1575,0.9853,-0.1131
4.6095,2.1584,0.0000,-0.1575,0.9786,-0.3157
4.6307,2.1793,0.0000,-0.1575,0.9884,0.4648
4.6517,2.2001,0.0000,-0.1575,0.9885,0.0056
4.6735,2.2209,0.0000,-0.1575,0.9575,-1.4281
4.6948,2.2421,0.0000,-0.1575,0.9933,1.6787
4.7160,2.2632,0.0000,-0.1575,0.9976,0.2010
4.7376,2.2840,0.0000,-0.1575,0.9603,-1.7200
4.7588,2.3052,0.0000,-0.1575,0.9989,1.8194
4.7804,2.3262,0.0000,-0.1575,0.9733,-1.1890
4.8017,2.3473,0.0000,-0.1575,0.9918,0.8635
4.8232,2.3683,0.0000,-0.1575,0.9720,-0.9162
4.8443,2.3894,0.0000,-0.1575,1.0060,1.6185
4.8652,2.4102,0.0000,-0.1575,0.9955,-0.5055
4.8864,2.4308,0.0000,-0.1575,0.9684,-1.2743
4.9075,2.4516,0.0000,-0.1575,0.9855,0.8087
4.9291,2.4724,0.0000,-0.1575,0.9657,-0.9176
4.9506,2.4935,0.0000,-0.1575,0.9798,0.6525
4.9722,2.5146,0.0000,-0.1575,0.9782,-0.0757
4.9935,2.5359,0.0000,-0.1575,0.9985,0.9534
5.0149,2.5569,0.0000,-0.1575,0.9777,-0.9704
5.0363,2.5779,0.0000,-0.1575,0.9887,0.5159
5.0580,2.5989,0.0000,-0.1575,0.9672,-0.9889
5.0793,2.6202,0.0000,-0.1575,0.9964,1.3709
5.1007,2.6412,0.0000,-0.1575,0.9860,-0.4886
5.1221,2.6622,0.0000,-0.1575,0.9744,-0.5404
5.1436,2.6833,0.0000,-0.1575,0.9839,0.4414
5.1651,2.7045,0.0000,-0.1575,0.9883,0.2079
5.1864,2.7255,0.0000,-0.1575,0.9867,-0.0743
5.2076,2.7465,0.0000,-0.1575,0.9850,-0.0822
5.2289,2.7674,0.0000,-0.1575,0.9852,0.0115
5.2502,2.7886,0.0000,-0.1575,0.9951,0.4636
5.2714,2.8093,0.0000,-0.1575,0.9752,-0.9364
5.2931,2.8302,0.0000,-0.1575,0.9611,-0.6484
5.3147,2.8514,0.0000,-0.1575,0.9856,1.1358
5.3358,2.8725,0.0000,-0.1575,0.9987,0.6190
5.3572,2.8934,0.0000,-0.1575,0.9752,-1.0980
5.3786,2.9145,0.0000,-0.1575,0.9874,0.5686
5.3996,2.9355,0.0000,-0.1575,1.0014,0.6709
5.4209,2.9562,0.0000,-0.1575,0.9734,-1.3178
5.4421,2.9771,0.0000,-0.1575,0.9796,0.2908
5.4633,2.9980,0.0000,-0.1575,0.9871,0.3525
5.4848,3.0188,0.0000,-0.1575,0.9680,-0.8882
5.5059,3.0399,0.0000,-0.1575,1.0019,1.6074
5.5274,3.0607,0.0000,-0.1575,0.9686,-1.5515
5.5484,3.0817,0.0000,-0.1575,1.0012,1.5531
5.5695,3.1025,0.0000,-0.1575,0.9819,-0.9137
5.5910,3.1234,0.0000,-0.1575,0.9713,-0.4916
5.6124,3.1444,0.0000,-0.1575,0.9823,0.5130
5.6339,3.1654,0.0000,-0.1575,0.9747,-0.3516
5.6553,3.1865,0.0000,-0.1575,0.9870,0.5713
5.6763,3.2075,0.0000,-0.1575,1.0025,0.7391
5.6978,3.2283,0.0000,-0.1575,0.9668,-1.6625
5.7194,3.2493,0.0000,-0.1575,0.9731,0.2930
5.7405,3.2708,0.0000,-0.1575,1.0196,2.2056
5.7621,3.2914,0.0000,-0.1575,0.9540,-3.0325
5.7837,3.3125,0.0000,-0.1575,0.9747,0.9574
5.8050,3.3338,0.0000,-0.1575,0.9988,1.1327
5.8262,3.3548,0.0000,-0.1575,0.9892,-0.4542
5.8477,3.3756,0.0000,-0.1575,0.9714,-0.8312
5.8690,3.3966,0.0000,-0.1575,0.9884,0.8009
5.8905,3.4176,0.0000,-0.1575,0.9764,-0.5579
5.9122,3.4387,0.0000,-0.1575,0.9719,-0.2101
5.9333,3.4600,0.0000,-0.1575,1.0073,1.6765
5.9544,3.4809,0.0000,-0.1575,0.9895,-0.8427
5.9760,3.5017,0.0000,-0.1575,0.9630,-1.2253
5.9976,3.5228,0.0000,-0.1575,0.9765,0.6272
6.0193,3.5442,0.0000,-0.1575,0.9868,0.4755
6.0403,3.5653,0.0000,-0.1575,1.0061,0.9146
6.0615,3.5861,0.0000,-0.1575,0.9782,-1.3113
6.0833,3.6070,0.0000,-0.1575,0.9587,-0.8945
6.1047,3.6283,0.0000,-0.1575,0.9938,1.6389
6.1258,3.6494,0.0000,-0.1575,1.0018,0.3760
6.1469,3.6702,0.0000,-0.1575,0.9863,-0.7359
6.1682,3.6909,0.0000,-0.1575,0.9736,-0.5950
6.1893,3.7118,0.0000,-0.1575,0.9866,0.6155
6.2109,3.7326,0.0000,-0.1575,0.9661,-0.9523
6.2322,3.7538,0.0000,-0.1575,0.9965,1.4294
6.2532,3.7748,0.0000,-0.1575,0.9968,0.0136
6.2745,3.7955,0.0000,-0.1575,0.9746,-1.0415
6.2961,3.8164,0.0000,-0.1575,0.9640,-0.4892
6.3174,3.8376,0.0000,-0.1575,0.9975,1.5739
6.3388,3.8586,0.0000,-0.1575,0.9806,-0.7892
6.3603,3.8796,0.0000,-0.1575,0.9765,-0.1926
6.3819,3.9008,0.0000,-0.1575,0.9830,0.3014
6.4032,3.9219,0.0000,-0.1575,0.9904,0.3462
6.4248,3.9429,0.0000,-0.1575,0.9735,-0.7809
6.4466,3.9641,0.0000,-0.1575,0.9738,0.0139
6.4680,3.9855,0.0000,-0.1575,0.9976,1.1110
6.4896,4.0065,0.0000,-0.1575,0.9750,-1.0477
6.5107,4.0278,0.0000,-0.1575,1.0071,1.5248
6.5318,4.0486,0.0000,-0.1575,0.9849,-1.0515
6.5531,4.0694,0.0000,-0.1575,0.9778,-0.3361
6.5744,4.0903,0.0000,-0.1575,0.9797,0.0897
6.5959,4.1113,0.0000,-0.1575,0.9762,-0.1621
6.6174,4.1323,0.0000,-0.1575,0.9797,0.1644
6.6390,4.1534,0.0000,-0.1575,0.9774,-0.1069
6.6608,4.1747,0.0000,-0.1575,0.9757,-0.0787
6.6820,4.1961,0.0000,-0.1575,1.0076,1.5030
6.7035,4.2170,0.0000,-0.1575,0.9722,-1.6441
6.7249,4.2381,0.0000,-0.1575,0.9851,0.5982
6.7471,4.2592,0.0000,-0.1575,0.9517,-1.5025
6.7688,4.2809,0.0000,-0.1575,1.0008,2.2671
6.7901,4.3023,0.0000,-0.1575,1.0003,-0.0223
6.8117,4.3233,0.0000,-0.1575,0.9779,-1.0409
6.8330,4.3445,0.0000,-0.1575,0.9945,0.7811
6.8542,4.3655,0.0000,-0.1575,0.9884,-0.2888
6.8753,4.3863,0.0000,-0.1575,0.9885,0.0042
6.8965,4.4071,0.0000,-0.1575,0.9795,-0.4242
6.9176,4.4280,0.0000,-0.1575,0.9900,0.4983
6.9391,4.4487,0.0000,-0.1575,0.9647,-1.1771
6.9606,4.4697,0.0000,-0.1575,0.9752,0.4864
6.9817,4.4909,0.0000,-0.1575,1.0054,1.4339
7.0031,4.5117,0.0000,-0.1575,0.9700,-1.6501
7.0244,4.5327,0.0000,-0.1575,0.9886,0.8756
7.0461,4.5537,0.0000,-0.1575,0.9649,-1.0945
7.0679,4.5749,0.0000,-0.1575,0.9753,0.4787
7.0891,4.5963,0.0000,-0.1575,1.0084,1.5646
7.1106,4.6173,0.0000,-0.1575,0.9759,-1.5123
7.1316,4.6383,0.0000,-0.1575,0.9999,1.1360
7.1532,4.6592,0.0000,-0.1575,0.9671,-1.5188
7.1747,4.6802,0.0000,-0.1575,0.9777,0.4901
7.1958,4.7014,0.0000,-0.1575,1.0060,1.3452
7.2169,4.7222,0.0000,-0.1575,0.9854,-0.9756
7.2383,4.7430,0.0000,-0.1575,0.9719,-0.6283
7.2595,4.7640,0.0000,-0.1575,0.9874,0.7280
7.2810,4.7849,0.0000,-0.1575,0.9755,-0.5528
7.3028,4.8059,0.0000,-0.1575,0.9624,-0.6043
7.3243,4.8273,0.0000,-0.1575,0.9941,1.4759
7.3465,4.8484,0.0000,-0.1575,0.9517,-1.9078
7.3680,4.8702,0.0000,-0.1575,1.0132,2.8657
7.3892,4.8914,0.0000,-0.1575,1.0004,-0.6028
7.4106,4.9124,0.0000,-0.1575,0.9812,-0.8987
7.4321,4.9334,0.0000,-0.1575,0.9739,-0.3399
7.4537,4.9545,0.0000,-0.1575,0.9820,0.3748
7.4750,4.9756,0.0000,-0.1575,0.9916,0.4518
7.4961,4.9966,0.0000,-0.1575,0.9922,0.0289
7.5173,5.0174,0.0000,-0.1575,0.9800,-0.5737
7.5389,5.0384,0.0000,-0.1575,0.9733,-0.3141
7.5601,5.0594,0.0000,-0.1575,0.9937,0.9628
7.5819,5.0803,0.0000,-0.1575,0.9546,-1.7887
7.6034,5.1017,0.0000,-0.1575,0.9967,1.9631
7.6249,5.1228,0.0000,-0.1575,0.9827,-0.6518
7.6460,5.1441,0.0000,-0.1575,1.0069,1.1482
7.6675,5.1648,0.0000,-0.1575,0.9666,-1.8777
7.6891,5.1859,0.0000,-0.1575,0.9733,0.3088
7.7106,5.2072,0.0000,-0.1575,0.9894,0.7462
7.7319,5.2283,0.0000,-0.1575,0.9942,0.2286
7.7533,5.2493,0.0000,-0.1575,0.9814,-0.6012
7.7746,5.2703,0.0000,-0.1575,0.9859,0.2137
7.7962,5.2913,0.0000,-0.1575,0.9714,-0.6742
7.8179,5.3124,0.0000,-0.1575,0.9719,0.0242
7.8393,5.3338,0.0000,-0.1575,0.9981,1.2226
7.8607,5.3548,0.0000,-0.1575,0.9847,-0.6266
7.8826,5.3759,0.0000,-0.1575,0.9648,-0.9081
7.9040,5.3973,0.0000,-0.1575,0.9982,1.5547
7.9251,5.4184,0.0000,-0.1575,1.0020,0.1802
7.9462,5.4392,0.0000,-0.1575,0.9835,-0.8742
7.9676,5.4600,0.0000,-0.1575,0.9711,-0.5802
7.9890,5.4810,0.0000,-0.1575,0.9788,0.3632
8.0103,5.5020,0.0000,-0.1575,0.9881,0.4326
8.0314,5.5230,0.0000,-0.1575,0.9962,0.3844
8.0530,5.5438,0.0000,-0.1575,0.9624,-1.5641
8.0743,5.5650,0.0000,-0.1575,0.9937,1.4680
8.0957,5.5860,0.0000,-0.1575,0.9816,-0.5690
8.1170,5.6070,0.0000,-0.1575,0.9829,0.0625
8.1384,5.6279,0.0000,-0.1575,0.9777,-0.2447
8.1599,5.6490,0.0000,-0.1575,0.9850,0.3408
8.1809,5.6700,0.0000,-0.1575,1.0005,0.7371
8.2026,5.6908,0.0000,-0.1575,0.9574,-1.9850
8.2238,5.7120,0.0000,-0.1575,0.9999,2.0027
8.2454,5.7330,0.0000,-0.1575,0.9688,-1.4373
8.2665,5.7542,0.0000,-0.1575,1.0070,1.8126
8.2879,5.7749,0.0000,-0.1575,0.9684,-1.8050
8.3092,5.7959,0.0000,-0.1575,0.9907,1.0512
8.3306,5.8169,0.0000,-0.1575,0.9776,-0.6101
8.3524,5.8379,0.0000,-0.1575,0.9606,-0.7789
8.3741,5.8594,0.0000,-0.1575,0.9913,1.4126
8.3955,5.8807,0.0000,-0.1575,0.9964,0.2358
8.4166,5.9017,0.0000,-0.1575,0.9967,0.0149
8.4379,5.9226,0.0000,-0.1575,0.9790,-0.8303
8.4590,5.9435,0.0000,-0.1575,0.9915,0.5928
8.4803,5.9642,0.0000,-0.1575,0.9740,-0.8231
8.5017,5.9851,0.0000,-0.1575,0.9728,-0.0535
8.5227,6.0061,0.0000,-0.1575,1.0055,1.5598
8.5441,6.0269,0.0000,-0.1575,0.9673,-1.7765
8.5656,6.0479,0.0000,-0.1575,0.9816,0.6646
8.5867,6.0689,0.0000,-0.1575,0.9934,0.5591
8.6082,6.0898,0.0000,-0.1575,0.9693,-1.1202
8.6301,6.1108,0.0000,-0.1575,0.9606,-0.3989
8.6517,6.1323,0.0000,-0.1575,0.9963,1.6571
8.6729,6.1535,0.0000,-0.1575,1.0000,0.1762
8.6940,6.1745,0.0000,-0.1575,0.9938,-0.2954
8.7151,6.1953,0.0000,-0.1575,0.9882,-0.2667
8.7367,6.2160,0.0000,-0.1575,0.9588,-1.3609
8.7582,6.2371,0.0000,-0.1575,0.9814,1.0520
8.7799,6.2582,0.0000,-0.1575,0.9723,-0.4199
8.8015,6.2795,0.0000,-0.1575,0.9835,0.5181
8.8229,6.3008,0.0000,-0.1575,0.9958,0.5766
8.8442,6.3221,0.0000,-0.1575,1.0001,0.2020
8.8654,6.3429,0.0000,-0.1575,0.9789,-0.9987
8.8869,6.3638,0.0000,-0.1575,0.9712,-0.3562
8.9091,6.3848,0.0000,-0.1575,0.9518,-0.8765
8.9305,6.4065,0.0000,-0.1575,1.0080,2.6142
8.9517,6.4278,0.0000,-0.1575,1.0075,-0.0218
8.9729,6.4485,0.0000,-0.1575,0.9775,-1.4138
8.9946,6.4695,0.0000,-0.1575,0.9657,-0.5443
9.0159,6.4906,0.0000,-0.1575,0.9910,1.1865
9.0370,6.5117,0.0000,-0.1575,1.0031,0.5715
9.0582,6.5325,0.0000,-0.1575,0.9775,-1.2048
9.0792,6.5534,0.0000,-0.1575,0.9972,0.9412
9.1007,6.5740,0.0000,-0.1575,0.9568,-1.8749
9.1218,6.5950,0.0000,-0.1575,0.9977,1.9318
9.1430,6.6159,0.0000,-0.1575,0.9846,-0.6182
9.1644,6.6367,0.0000,-0.1575,0.9712,-0.6254
9.1858,6.6577,0.0000,-0.1575,0.9791,0.3687
9.2072,6.6787,0.0000,-0.1575,0.9794,0.0155
9.2284,6.6998,0.0000,-0.1575,0.9982,0.8883
9.2499,6.7207,0.0000,-0.1575,0.9723,-1.2051
9.2715,6.7418,0.0000,-0.1575,0.9792,0.3165
9.2929,6.7629,0.0000,-0.1575,0.9857,0.3031
9.3142,6.7840,0.0000,-0.1575,0.9896,0.1828
9.3353,6.8050,0.0000,-0.1575,0.9955,0.2811
9.3564,6.8258,0.0000,-0.1575,0.9837,-0.5606
9.3780,6.8466,0.0000,-0.1575,0.9658,-0.8295
9.3996,6.8676,0.0000,-0.1575,0.9710,0.2415
9.4211,6.8889,0.0000,-0.1575,0.9895,0.8608
9.4425,6.9101,0.0000,-0.1575,0.9897,0.0104
9.4637,6.9311,0.0000,-0.1575,0.9929,0.1485
9.4852,6.9521,0.0000,-0.1575,0.9737,-0.8919
9.5068,6.9731,0.0000,-0.1575,0.9750,0.0569
9.5280,6.9943,0.0000,-0.1575,1.0021,1.2836
9.5492,7.0152,0.0000,-0.1575,0.9834,-0.8809
9.5701,7.0361,0.0000,-0.1575,0.9997,0.7828
9.5913,7.0567,0.0000,-0.1575,0.9688,-1.4552
9.6126,7.0775,0.0000,-0.1575,0.9779,0.4237
9.6345,7.0985,0.0000,-0.1575,0.9583,-0.8958
9.6557,7.1198,0.0000,-0.1575,1.0074,2.3249
9.6770,7.1407,0.0000,-0.1575,0.9798,-1.2957
9.6988,7.1617,0.0000,-0.1575,0.9671,-0.5819
9.7201,7.1831,0.0000,-0.1575,1.0028,1.6751
9.7414,7.2041,0.0000,-0.1575,0.9822,-0.9615
9.7631,7.2251,0.0000,-0.1575,0.9680,-0.6548
9.7842,7.2463,0.0000,-0.1575,1.0061,1.8044
9.8057,7.2672,0.0000,-0.1575,0.9746,-1.4718
9.8271,7.2882,0.0000,-0.1575,0.9771,0.1180
9.8487,7.3093,0.0000,-0.1575,0.9820,0.2273
9.8707,7.3305,0.0000,-0.1575,0.9636,-0.8370
9.8920,7.3519,0.0000,-0.1575,1.0072,2.0484
9.9132,7.3730,0.0000,-0.1575,0.9931,-0.6625
9.9343,7.3940,0.0000,-0.1575,0.9913,-0.0876
9.9558,7.4147,0.0000,-0.1575,0.9662,-1.1652
9.9771,7.4358,0.0000,-0.1575,0.9917,1.1955
9.9986,7.4568,0.0000,-0.1575,0.9705,-0.9830
10.0200,7.4778,0.0000,-0.1575,0.9885,0.8459
10.0416,7.4989,0.0000,-0.1575,0.9733,-0.7009
10.0631,7.5202,0.0000,-0.1575,0.9909,0.8205
10.0842,7.5412,0.0000,-0.1575,0.9957,0.2251
10.1056,7.5622,0.0000,-0.1575,0.9852,-0.4914
10.1270,7.5831,0.0000,-0.1575,0.9697,-0.7222
10.1484,7.6041,0.0000,-0.1575,0.9879,0.8538
10.1697,7.6251,0.0000,-0.1575,0.9851,-0.1302
10.1908,7.6461,0.0000,-0.1575,0.9893,0.2008
10.2121,7.6669,0.0000,-0.1575,0.9778,-0.5437
10.2338,7.6878,0.0000,-0.1575,0.9657,-0.5560
10.2551,7.7090,0.0000,-0.1575,0.9936,1.3039
10.2766,7.7301,0.0000,-0.1575,0.9813,-0.5721
10.2986,7.7512,0.0000,-0.1575,0.9607,-0.9371
10.3199,7.7727,0.0000,-0.1575,1.0085,2.2419
10.3414,7.7938,0.0000,-0.1575,0.9826,-1.2069
10.3627,7.8148,0.0000,-0.1575,0.9860,0.1607
10.3839,7.8355,0.0000,-0.1575,0.9775,-0.4019
10.4055,7.8525,0.0000,-0.1575,0.7884,-8.7601
10.4270,7.8647,0.0000,-0.1575,0.5620,-10.4959
10.4487,7.8715,0.0000,-0.1575,0.3149,-11.4018
10.4701,7.8735,0.0000,-0.1575,0.0939,-10.3461
10.4915,7.8739,0.0000,-0.1575,0.0187,-3.5071
10.5127,7.8740,0.0000,-0.1575,0.0038,-0.7052
10.5355,7.8740,0.0000,-0.1575,0.0007,-0.1351
10.5568,7.8740,-0.0012,-0.1575,0.0565,2.6233
10.5778,7.8740,-0.0062,-0.1575,0.2390,8.6582
10.5994,7.8740,-0.0164,-0.1575,0.4695,10.6816
10.6206,7.8740,-0.0321,-0.1575,0.7403,12.7650
10.6418,7.8740,-0.0517,-0.1575,0.9286,8.9146
10.6633,7.8740,-0.0723,-0.1575,0.9542,1.1863
10.6846,7.8740,-0.0933,-0.1575,0.9882,1.6022
10.7059,7.8740,-0.1143,-0.1575,0.9832,-0.2349
10.7277,7.8740,-0.1352,-0.1575,0.9611,-1.0151
10.7489,7.8740,-0.1566,-0.1575,1.0088,2.2490
10.7699,7.8740,-0.1775,-0.1575,0.9957,-0.6237
10.7914,7.8740,-0.1982,-0.1575,0.9635,-1.4958
10.8125,7.8740,-0.2192,-0.1575,0.9971,1.5933
10.8340,7.8740,-0.2401,-0.1575,0.9708,-1.2268
10.8556,7.8740,-0.2611,-0.1575,0.9721,0.0641
10.8772,7.8740,-0.2823,-0.1575,0.9803,0.3771
10.8982,7.8740,-0.3036,-0.1575,1.0161,1.7108
10.9201,7.8740,-0.3243,-0.1575,0.9463,-3.1862
10.9414,7.8740,-0.3457,-0.1575,0.9999,2.5102
10.9632,7.8740,-0.3667,-0.1575,0.9671,-1.5063
10.9849,7.8740,-0.3881,-0.1575,0.9892,1.0209
11.0058,7.8740,-0.4094,-0.1575,1.0153,1.2473
11.0270,7.8740,-0.4301,-0.1575,0.9774,-1.7853
11.0480,7.8740,-0.4509,-0.1575,0.9883,0.5185
11.0695,7.8740,-0.4715,-0.1575,0.9599,-1.3197
11.0910,7.8740,-0.4926,-0.1575,0.9837,1.1073
11.1122,7.8740,-0.5136,-0.1575,0.9914,0.3641
11.1338,7.8740,-0.5347,-0.1575,0.9754,-0.7405
11.1552,7.8740,-0.5558,-0.1575,0.9847,0.4366
11.1768,7.8740,-0.5769,-0.1575,0.9769,-0.3637
11.1980,7.8740,-0.5982,-0.1575,1.0024,1.2035
11.2196,7.8740,-0.6191,-0.1575,0.9689,-1.5555
11.2410,7.8740,-0.6401,-0.1575,0.9838,0.6970
11.2624,7.8740,-0.6612,-0.1575,0.9836,-0.0077
11.2835,7.8740,-0.6823,-0.1575,0.9994,0.7496
11.3050,7.8740,-0.7032,-0.1575,0.9713,-1.3105
11.3264,7.8740,-0.7242,-0.1575,0.9848,0.6336
11.3477,7.8740,-0.7452,-0.1575,0.9849,0.0031
11.3694,7.8740,-0.7662,-0.1575,0.9668,-0.8374
11.3908,7.8740,-0.7874,-0.1575,0.9889,1.0322
11.4122,7.8740,-0.8086,-0.1575,0.9920,0.1415
11.4336,7.8740,-0.8296,-0.1575,0.9811,-0.5055
11.4551,7.8740,-0.8506,-0.1575,0.9780,-0.1471
11.4768,7.8740,-0.8718,-0.1575,0.9743,-0.1665
11.4987,7.8740,-0.8931,-0.1575,0.9710,-0.1537
11.5199,7.8740,-0.9145,-0.1575,1.0148,2.0721
11.5411,7.8740,-0.9355,-0.1575,0.9858,-1.3663
11.5630,7.8740,-0.9564,-0.1575,0.9555,-1.3822
11.5848,7.8740,-0.9778,-0.1575,0.9828,1.2546
11.6061,7.8740,-0.9992,-0.1575,1.0051,1.0410
11.6274,7.8740,-1.0202,-0.1575,0.9884,-0.7844
11.6489,7.8740,-1.0412,-0.1575,0.9704,-0.8360
11.6700,7.8740,-1.0624,-0.1575,1.0058,1.6800
11.6913,7.8740,-1.0831,-0.1575,0.9728,-1.5486
11.7126,7.8740,-1.1041,-0.1575,0.9872,0.6753
11.7338,7.8740,-1.1252,-0.1575,0.9982,0.5195
11.7549,7.8740,-1.1458,-0.1575,0.9748,-1.1065
11.7764,7.8740,-1.1667,-0.1575,0.9709,-0.1809
11.7976,7.8740,-1.1877,-0.1575,0.9865,0.7354
11.8190,7.8740,-1.2086,-0.1575,0.9786,-0.3704
11.8407,7.8740,-1.2296,-0.1575,0.9725,-0.2809
11.8627,7.8740,-1.2509,-0.1575,0.9648,-0.3500
11.8838,7.8740,-1.2727,-0.1575,1.0343,3.2888
11.9052,7.8740,-1.2934,-0.1575,0.9660,-3.1884
11.9264,7.8740,-1.3144,-0.1575,0.9888,1.0800
11.9476,7.8740,-1.3352,-0.1575,0.9817,-0.3349
11.9691,7.8740,-1.3561,-0.1575,0.9716,-0.4704
11.9904,7.8740,-1.3771,-0.1575,0.9920,0.9602
12.0118,7.8740,-1.3981,-0.1575,0.9761,-0.7439
12.0333,7.8740,-1.4191,-0.1575,0.9754,-0.0293
12.0547,7.8740,-1.4402,-0.1575,0.9888,0.6244
12.0761,7.8740,-1.4612,-0.1575,0.9824,-0.2997
12.0973,7.8740,-1.4823,-0.1575,0.9971,0.6966
12.1189,7.8740,-1.5033,-0.1575,0.9669,-1.3952
12.1402,7.8740,-1.5245,-0.1575,0.9956,1.3463
12.1619,7.8740,-1.5455,-0.1575,0.9705,-1.1620
12.1832,7.8740,-1.5667,-0.1575,0.9961,1.2016
12.2046,7.8740,-1.5878,-0.1575,0.9862,-0.4608
12.2259,7.8740,-1.6087,-0.1575,0.9808,-0.2573
12.2477,7.8740,-1.6296,-0.1575,0.9547,-1.1928
12.2693,7.8740,-1.6510,-0.1575,0.9961,1.9228
12.2905,7.8740,-1.6722,-0.1575,1.0004,0.2020
12.3121,7.8740,-1.6931,-0.1575,0.9643,-1.6648
12.3336,7.8740,-1.7143,-0.1575,0.9861,1.0139
12.3547,7.8740,-1.7355,-0.1575,1.0041,0.8507
12.3760,7.8740,-1.7564,-0.1575,0.9835,-0.9691
12.3971,7.8740,-1.7773,-0.1575,0.9863,0.1318
12.4186,7.8740,-1.7981,-0.1575,0.9705,-0.7369
12.4404,7.8740,-1.8191,-0.1575,0.9628,-0.3538
12.4617,7.8740,-1.8404,-0.1575,0.9985,1.6744
12.4833,7.8740,-1.8615,-0.1575,0.9814,-0.7976
12.5049,7.8740,-1.8826,-0.1575,0.9753,-0.2814
12.5264,7.8740,-1.9039,-0.1575,0.9879,0.5878
12.5481,7.8740,-1.9251,-0.1575,0.9800,-0.3643
12.5695,7.8740,-1.9463,-0.1575,0.9902,0.4748
12.5905,7.8740,-1.9674,-0.1575,1.0032,0.6172
12.6115,7.8740,-1.9883,-0.1575,0.9952,-0.3809
12.6327,7.8740,-2.0089,-0.1575,0.9697,-1.2042
12.6543,7.8740,-2.0296,-0.1575,0.9639,-0.2662
12.6758,7.8740,-2.0507,-0.1575,0.9784,0.6701
12.6974,7.8740,-2.0720,-0.1575,0.9871,0.4070
12.7188,7.8740,-2.0931,-0.1575,0.9860,-0.0514
12.7401,7.8740,-2.1143,-0.1575,0.9923,0.2950
12.7616,7.8740,-2.1353,-0.1575,0.9761,-0.7544
12.7831,7.8740,-2.1564,-0.1575,0.9825,0.2949
12.8043,7.8740,-2.1775,-0.1575,1.0001,0.8329
12.8257,7.8740,-2.1983,-0.1575,0.9673,-1.5252
12.8475,7.8740,-2.2194,-0.1575,0.9693,0.0927
12.8691,7.8740,-2.2408,-0.1575,0.9891,0.9145
12.8906,7.8740,-2.2619,-0.1575,0.9843,-0.2198
12.9121,7.8740,-2.2831,-0.1575,0.9872,0.1309
12.9334,7.8740,-2.3042,-0.1575,0.9877,0.0268
12.9550,7.8740,-2.3253,-0.1575,0.9768,-0.5065
12.9765,7.8740,-2.3464,-0.1575,0.9818,0.2353
12.9978,7.8740,-2.3676,-0.1575,0.9968,0.7053
13.0189,7.8740,-2.3886,-0.1575,0.9900,-0.3204
13.0404,7.8740,-2.4094,-0.1575,0.9729,-0.8005
13.0620,7.8740,-2.4304,-0.1575,0.9708,-0.0972
13.0831,7.8740,-2.4516,-0.1575,1.0057,1.6589
13.1047,7.8740,-2.4725,-0.1575,0.9672,-1.7867
13.1262,7.8740,-2.4936,-0.1575,0.9800,0.5947
13.1474,7.8740,-2.5148,-0.1575,0.9990,0.8989
13.1690,7.8740,-2.5358,-0.1575,0.9738,-1.1739
13.1901,7.8740,-2.5568,-0.1575,0.9961,1.0560
13.2114,7.8740,-2.5777,-0.1575,0.9786,-0.8228
13.2329,7.8740,-2.5986,-0.1575,0.9741,-0.2071
13.2542,7.8740,-2.6197,-0.1575,0.9919,0.8346
13.2756,7.8740,-2.6410,-0.1575,0.9932,0.0580
13.2969,7.8740,-2.6618,-0.1575,0.9771,-0.7560
13.3183,7.8740,-2.6827,-0.1575,0.9754,-0.0763
13.3396,7.8740,-2.7037,-0.1575,0.9871,0.5492
13.3611,7.8740,-2.7247,-0.1575,0.9737,-0.6217
13.3825,7.8740,-2.7457,-0.1575,0.9848,0.5203
13.4041,7.8740,-2.7668,-0.1575,0.9784,-0.3003
13.4255,7.8740,-2.7880,-0.1575,0.9873,0.4158
13.4468,7.8740,-2.8090,-0.1575,0.9886,0.0629
13.4681,7.8740,-2.8300,-0.1575,0.9890,0.0169
13.4896,7.8740,-2.8510,-0.1575,0.9705,-0.8563
13.5108,7.8740,-2.8720,-0.1575,0.9927,1.0455
13.5321,7.8740,-2.8930,-0.1575,0.9882,-0.2127
13.5537,7.8740,-2.9140,-0.1575,0.9693,-0.8729
13.5751,7.8740,-2.9350,-0.1575,0.9832,0.6471
13.5962,7.8740,-2.9561,-0.1575,0.9998,0.7880
13.6175,7.8740,-2.9770,-0.1575,0.9788,-0.9863
13.6387,7.8740,-2.9979,-0.1575,0.9840,0.2428
13.6601,7.8740,-3.0188,-0.1575,0.9791,-0.2270
13.6813,7.8740,-3.0398,-0.1575,0.9892,0.4772
13.7027,7.8740,-3.0606,-0.1575,0.9716,-0.8218
13.7245,7.8740,-3.0817,-0.1575,0.9705,-0.0512
13.7464,7.8740,-3.1031,-0.1575,0.9764,0.2722
13.7677,7.8740,-3.1245,-0.1575,1.0033,1.2609
13.7895,7.8740,-3.1455,-0.1575,0.9683,-1.6076
13.8108,7.8740,-3.1669,-0.1575,0.9998,1.4739
13.8320,7.8740,-3.1879,-0.1575,0.9922,-0.3586
13.8535,7.8740,-3.2089,-0.1575,0.9761,-0.7494
13.8749,7.8740,-3.2299,-0.1575,0.9788,0.1275
13.8964,7.8740,-3.2512,-0.1575,0.9915,0.5875
13.9178,7.8740,-3.2721,-0.1575,0.9781,-0.6231
13.9391,7.8740,-3.2931,-0.1575,0.9871,0.4207
13.9606,7.8740,-3.3141,-0.1575,0.9802,-0.3253
13.9817,7.8740,-3.3351,-0.1575,0.9939,0.6529
14.0029,7.8740,-3.3560,-0.1575,0.9819,-0.5668
14.0246,7.8740,-3.3768,-0.1575,0.9584,-1.0848
14.0460,7.8740,-3.3981,-0.1575,0.9966,1.7884
14.0672,7.8740,-3.4192,-0.1575,0.9980,0.0675
14.0888,7.8740,-3.4401,-0.1575,0.9664,-1.4635
14.1102,7.8740,-3.4611,-0.1575,0.9807,0.6670
14.1319,7.8740,-3.4823,-0.1575,0.9769,-0.1746
14.1533,7.8740,-3.5036,-0.1575,0.9919,0.6999
14.1746,7.8740,-3.5246,-0.1575,0.9907,-0.0593
14.1962,7.8740,-3.5456,-0.1575,0.9698,-0.9691
14.2174,7.8740,-3.5668,-0.1575,1.0003,1.4419
14.2385,7.8740,-3.5877,-0.1575,0.9902,-0.4817
14.2598,7.8740,-3.6085,-0.1575,0.9757,-0.6813
14.2812,7.8740,-3.6294,-0.1575,0.9773,0.0776
14.3026,7.8740,-3.6504,-0.1575,0.9809,0.1683
14.3238,7.8740,-3.6714,-0.1575,0.9918,0.5127
14.3453,7.8740,-3.6924,-0.1575,0.9733,-0.8613
14.3669,7.8740,-3.7135,-0.1575,0.9806,0.3405
14.3884,7.8740,-3.7346,-0.1575,0.9834,0.1295
14.4100,7.8740,-3.7558,-0.1575,0.9811,-0.1066
14.4317,7.8740,-3.7769,-0.1575,0.9726,-0.3915
14.4529,7.8740,-3.7983,-0.1575,1.0039,1.4710
14.4743,7.8740,-3.8193,-0.1575,0.9840,-0.9284
14.4954,7.8740,-3.8403,-0.1575,0.9981,0.6711
14.5169,7.8740,-3.8611,-0.1575,0.9661,-1.4908
14.5387,7.8740,-3.8821,-0.1575,0.9625,-0.1648
14.5602,7.8740,-3.9035,-0.1575,0.9927,1.4060
14.5819,7.8740,-3.9247,-0.1575,0.9811,-0.5373
14.6032,7.8740,-3.9460,-0.1575,0.9964,0.7163
14.6248,7.8740,-3.9670,-0.1575,0.9772,-0.8877
14.6460,7.8740,-3.9882,-0.1575,0.9997,1.0608
14.6673,7.8740,-4.0092,-0.1575,0.9819,-0.8337
14.6886,7.8740,-4.0301,-0.1575,0.9807,-0.0579
14.7098,7.8740,-4.0510,-0.1575,0.9845,0.1825
14.7312,7.8740,-4.0719,-0.1575,0.9802,-0.2047
14.7524,7.8740,-4.0929,-0.1575,0.9858,0.2662
14.7743,7.8740,-4.1138,-0.1575,0.9563,-1.3510
14.7955,7.8740,-4.1352,-0.1575,1.0094,2.5046
14.8171,7.8740,-4.1561,-0.1575,0.9694,-1.8534
14.8384,7.8740,-4.1773,-0.1575,0.9948,1.1939
14.8599,7.8740,-4.1983,-0.1575,0.9755,-0.8995
14.8815,7.8740,-4.2194,-0.1575,0.9792,0.1722
14.9029,7.8740,-4.2406,-0.1575,0.9903,0.5172
14.9242,7.8740,-4.2617,-0.1575,0.9939,0.1684
14.9450,7.8740,-4.2826,-0.1575,0.9994,0.2626
14.9667,7.8740,-4.3032,-0.1575,0.9499,-2.2823
14.9883,7.8740,-4.3243,-0.1575,0.9789,1.3409
15.0104,7.8740,-4.3456,-0.1575,0.9635,-0.6960
15.0317,7.8740,-4.3671,-0.1575,1.0104,2.1974
15.0531,7.8740,-4.3883,-0.1575,0.9881,-1.0389
15.0742,7.8740,-4.4093,-0.1575,0.9976,0.4506
15.0958,7.8740,-4.4302,-0.1575,0.9673,-1.4053
15.1169,7.8740,-4.4513,-0.1575,1.0000,1.5454
15.1383,7.8740,-4.4722,-0.1575,0.9733,-1.2418
15.1596,7.8740,-4.4932,-0.1575,0.9883,0.7072
15.1809,7.8740,-4.5140,-0.1575,0.9754,-0.6073
15.2023,7.8740,-4.5350,-0.1575,0.9821,0.3153
15.2239,7.8740,-4.5560,-0.1575,0.9749,-0.3344
15.2456,7.8740,-4.5773,-0.1575,0.9776,0.1234
15.2669,7.8740,-4.5985,-0.1575,0.9950,0.8177
15.2883,7.8740,-4.6196,-0.1575,0.9880,-0.3260
15.3095,7.8740,-4.6406,-0.1575,0.9936,0.2636
15.3308,7.8740,-4.6615,-0.1575,0.9790,-0.6871
15.3521,7.8740,-4.6824,-0.1575,0.9819,0.1356
15.3732,7.8740,-4.7033,-0.1575,0.9881,0.2950
15.3946,7.8740,-4.7241,-0.1575,0.9724,-0.7314
15.4160,7.8740,-4.7451,-0.1575,0.9829,0.4889
15.4374,7.8740,-4.7661,-0.1575,0.9841,0.0582
15.4585,7.8740,-4.7871,-0.1575,0.9954,0.5313
15.4802,7.8740,-4.8079,-0.1575,0.9550,-1.8562
15.5011,7.8740,-4.8292,-0.1575,1.0170,2.9653
15.5228,7.8740,-4.8499,-0.1575,0.9584,-2.7087
15.5439,7.8740,-4.8711,-0.1575,1.0022,2.0719
15.5652,7.8740,-4.8919,-0.1575,0.9781,-1.1363
15.5862,7.8740,-4.9129,-0.1575,0.9949,0.7976
15.6080,7.8740,-4.9335,-0.1575,0.9500,-2.0621
15.6295,7.8740,-4.9548,-0.1575,0.9892,1.8265
15.6510,7.8740,-4.9760,-0.1575,0.9848,-0.2071
15.6723,7.8740,-4.9972,-0.1575,0.9951,0.4825
15.6939,7.8740,-5.0182,-0.1575,0.9697,-1.1715
15.7155,7.8740,-5.0394,-0.1575,0.9831,0.6171
15.7368,7.8740,-5.0606,-0.1575,0.9991,0.7578
15.7576,7.8740,-5.0815,-0.1575,0.9998,0.0334
15.7788,7.8740,-5.1021,-0.1575,0.9767,-1.0957
15.8003,7.8740,-5.1229,-0.1575,0.9665,-0.4730
15.8219,7.8740,-5.1439,-0.1575,0.9723,0.2655
15.8434,7.8740,-5.1652,-0.1575,0.9883,0.7484
15.8650,7.8740,-5.1864,-0.1575,0.9813,-0.3279
15.8864,7.8740,-5.2075,-0.1575,0.9865,0.2465
15.9076,7.8740,-5.2286,-0.1575,0.9983,0.5550
15.9289,7.8740,-5.2495,-0.1575,0.9794,-0.8841
15.9501,7.8740,-5.2705,-0.1575,0.9899,0.4940
15.9716,7.8740,-5.2913,-0.1575,0.9683,-1.0060
15.9926,7.8740,-5.3124,-0.1575,1.0037,1.6856
16.0143,7.8740,-5.3331,-0.1575,0.9576,-2.1351
16.0359,7.8740,-5.3543,-0.1575,0.9783,0.9588
16.0578,7.8740,-5.3756,-0.1575,0.9724,-0.2690
16.0789,7.8740,-5.3970,-0.1575,1.0177,2.1455
16.1002,7.8740,-5.4179,-0.1575,0.9796,-1.7888
16.1216,7.8740,-5.4388,-0.1575,0.9740,-0.2606
16.1427,7.8740,-5.4599,-0.1575,1.0013,1.2913
16.1640,7.8740,-5.4807,-0.1575,0.9764,-1.1691
16.1856,7.8740,-5.5017,-0.1575,0.9717,-0.2147
16.2069,7.8740,-5.5228,-0.1575,0.9927,0.9835
16.2286,7.8740,-5.5438,-0.1575,0.9660,-1.2318
16.2504,7.8740,-5.5650,-0.1575,0.9741,0.3712
16.2713,7.8740,-5.5864,-0.1575,1.0237,2.3702
16.2931,7.8740,-5.6071,-0.1575,0.9488,-3.4360
16.3146,7.8740,-5.6284,-0.1575,0.9873,1.7861
16.3360,7.8740,-5.6496,-0.1575,0.9924,0.2424
16.3575,7.8740,-5.6706,-0.1575,0.9817,-0.5023
16.3795,7.8740,-5.6917,-0.1575,0.9567,-1.1342
16.4010,7.8740,-5.7134,-0.1575,1.0079,2.3849
16.4221,7.8740,-5.7345,-0.1575,0.9997,-0.3881
16.4433,7.8740,-5.7554,-0.1575,0.9830,-0.7860
16.4650,7.8740,-5.7763,-0.1575,0.9638,-0.8882
16.4866,7.8740,-5.7975,-0.1575,0.9817,0.8288
16.5080,7.8740,-5.8188,-0.1575,0.9953,0.6383
16.5293,7.8740,-5.8398,-0.1575,0.9899,-0.2557
16.5505,7.8740,-5.8608,-0.1575,0.9848,-0.2395
16.5717,7.8740,-5.8817,-0.1575,0.9890,0.1966
16.5933,7.8740,-5.9025,-0.1575,0.9649,-1.1144
16.6145,7.8740,-5.9236,-0.1575,0.9947,1.4029
16.6359,7.8740,-5.9446,-0.1575,0.9770,-0.8274
16.6572,7.8740,-5.9656,-0.1575,0.9882,0.5295
16.6780,7.8740,-5.9866,-0.1575,1.0064,0.8700
16.6997,7.8740,-6.0072,-0.1575,0.9558,-2.3398
16.7216,7.8740,-6.0283,-0.1575,0.9639,0.3726
16.7429,7.8740,-6.0497,-0.1575,0.9994,1.6606
16.7643,7.8740,-6.0707,-0.1575,0.9833,-0.7509
16.7853,7.8740,-6.0918,-0.1575,1.0080,1.1831
16.8069,7.8740,-6.1124,-0.1575,0.9550,-2.4575
16.8286,7.8740,-6.1336,-0.1575,0.9718,0.7748
16.8503,7.8740,-6.1550,-0.1575,0.9852,0.6154
16.8717,7.8740,-6.1763,-0.1575,0.9974,0.5702
16.8933,7.8740,-6.1973,-0.1575,0.9727,-1.1409
16.9145,7.8740,-6.2186,-0.1575,1.0042,1.4910
16.9360,7.8740,-6.2395,-0.1575,0.9715,-1.5192
16.9574,7.8740,-6.2606,-0.1575,0.9866,0.7008
16.9787,7.8740,-6.2816,-0.1575,0.9903,0.1765
17.0000,7.8740,-6.3026,-0.1575,0.9824,-0.3718
17.0216,7.8740,-6.3235,-0.1575,0.9674,-0.6918
17.0431,7.8740,-6.3447,-0.1575,0.9845,0.7927
17.0643,7.8740,-6.3659,-0.1575,0.9998,0.7220
17.0855,7.8740,-6.3868,-0.1575,0.9866,-0.6240
17.1066,7.8740,-6.4076,-0.1575,0.9878,0.0567
17.1279,7.8740,-6.4284,-0.1575,0.9751,-0.5986
17.1497,7.8740,-6.4494,-0.1575,0.9633,-0.5410
17.1709,7.8740,-6.4707,-0.1575,1.0028,1.8597
17.1921,7.8740,-6.4916,-0.1575,0.9850,-0.8371
17.2135,7.8740,-6.5125,-0.1575,0.9802,-0.2290
17.2347,7.8740,-6.5334,-0.1575,0.9855,0.2527
17.2563,7.8740,-6.5544,-0.1575,0.9715,-0.6479
17.2778,7.8740,-6.5754,-0.1575,0.9762,0.2159
17.2990,7.8740,-6.5967,-0.1575,1.0066,1.4385
17.3201,7.8740,-6.6176,-0.1575,0.9898,-0.7933
17.3417,7.8740,-6.6383,-0.1575,0.9570,-1.5136
17.3632,7.8740,-6.6594,-0.1575,0.9831,1.2137
17.3847,7.8740,-6.6806,-0.1575,0.9865,0.1567
17.4060,7.8740,-6.7018,-0.1575,0.9955,0.4232
17.4272,7.8740,-6.7228,-0.1575,0.9890,-0.3058
17.4485,7.8740,-6.7436,-0.1575,0.9770,-0.5634
17.4702,7.8740,-6.7646,-0.1575,0.9650,-0.5490
17.4915,7.8740,-6.7858,-0.1575,0.9971,1.5043
17.5131,7.8740,-6.8068,-0.1575,0.9724,-1.1422
17.5346,7.8740,-6.8280,-0.1575,0.9868,0.6671
17.5561,7.8740,-6.8492,-0.1575,0.9848,-0.0935
17.5782,7.8740,-6.8703,-0.1575,0.9547,-1.3579
17.5995,7.8740,-6.8919,-0.1575,1.0146,2.8158
17.6211,7.8740,-6.9129,-0.1575,0.9771,-1.7426
17.6425,7.8740,-6.9340,-0.1575,0.9810,0.1819
17.6638,7.8740,-6.9552,-0.1575,0.9962,0.7133
17.6850,7.8740,-6.9762,-0.1575,0.9874,-0.4143
17.7062,7.8740,-6.9971,-0.1575,0.9864,-0.0501
17.7276,7.8740,-7.0179,-0.1575,0.9744,-0.5577
17.7492,7.8740,-7.0389,-0.1575,0.9744,-0.0027
17.7707,7.8740,-7.0603,-0.1575,0.9908,0.7637
17.7920,7.8740,-7.0813,-0.1575,0.9897,-0.0505
17.8138,7.8740,-7.1023,-0.1575,0.9595,-1.3853
17.8354,7.8740,-7.1236,-0.1575,0.9879,1.3138
17.8572,7.8740,-7.1448,-0.1575,0.9747,-0.6033
17.8783,7.8740,-7.1662,-0.1575,1.0093,1.6333
17.8994,7.8740,-7.1871,-0.1575,0.9910,-0.8662
17.9213,7.8740,-7.2080,-0.1575,0.9558,-1.6103
17.9428,7.8740,-7.2293,-0.1575,0.9902,1.5971
17.9640,7.8740,-7.2505,-0.1575,0.9998,0.4524
17.9855,7.8740,-7.2714,-0.1575,0.9734,-1.2293
18.0068,7.8740,-7.2924,-0.1575,0.9861,0.5931
18.0280,7.8740,-7.3135,-0.1575,0.9962,0.4788
18.0494,7.8740,-7.3344,-0.1575,0.9761,-0.9406
18.0706,7.8740,-7.3556,-0.1575,0.9996,1.1083
18.0918,7.8740,-7.3762,-0.1575,0.9727,-1.2699
18.1137,7.8740,-7.3971,-0.1575,0.9549,-0.8120
18.1352,7.8740,-7.4184,-0.1575,0.9892,1.5931
18.1567,7.8740,-7.4396,-0.1575,0.9861,-0.1428
18.1780,7.8740,-7.4607,-0.1575,0.9906,0.2103
18.1996,7.8740,-7.4818,-0.1575,0.9797,-0.5089
18.2209,7.8740,-7.5032,-0.1575,1.0012,1.0093
18.2428,7.8740,-7.5240,-0.1575,0.9520,-2.2463
18.2641,7.8740,-7.5454,-0.1575,1.0012,2.3031
18.2854,7.8740,-7.5664,-0.1575,0.9865,-0.6898
18.3068,7.8740,-7.5873,-0.1575,0.9768,-0.4537
18.3281,7.8740,-7.6084,-0.1575,0.9919,0.7070
18.3494,7.8740,-7.6294,-0.1575,0.9826,-0.4347
18.3710,7.8740,-7.6503,-0.1575,0.9701,-0.5801
18.3924,7.8740,-7.6715,-0.1575,0.9926,1.0523
18.4139,7.8740,-7.6925,-0.1575,0.9743,-0.8492
18.4354,7.8740,-7.7136,-0.1575,0.9813,0.3247
18.4566,7.8740,-7.7349,-0.1575,1.0044,1.0920
18.4779,7.8740,-7.7558,-0.1575,0.9797,-1.1614
18.4997,7.8740,-7.7767,-0.1575,0.9598,-0.9133
18.5210,7.8740,-7.7980,-0.1575,1.0028,2.0248
18.5423,7.8740,-7.8190,-0.1575,0.9810,-1.0176
18.5636,7.8740,-7.8392,-0.1575,0.9491,-1.5019
18.5852,7.8740,-7.8553,-0.1575,0.7474,-9.3492
18.6067,7.8740,-7.8664,-0.1575,0.5186,-10.6487
18.6285,7.8740,-7.8722,-0.1575,0.2669,-11.5274
18.6504,7.8740,-7.8736,-0.1575,0.0642,-9.2602
18.6720,7.8740,-7.8739,-0.1575,0.0130,-2.3753
18.6934,7.8740,-7.8740,-0.1575,0.0026,-0.4857
18.7165,7.8740,-7.8740,-0.1575,0.0005,-0.0925
18.7375,7.8728,-7.8740,-0.1575,0.0571,2.6963
18.7586,7.8678,-7.8740,-0.1575,0.2388,8.6112
18.7796,7.8577,-7.8740,-0.1575,0.4789,11.4433
18.8010,7.8424,-7.8740,-0.1575,0.7131,10.9195
18.8222,7.8228,-7.8740,-0.1575,0.9272,10.1221
18.8437,7.8022,-7.8740,-0.1575,0.9552,1.3017
18.8651,7.7812,-7.8740,-0.1575,0.9817,1.2389
18.8867,7.7602,-7.8740,-0.1575,0.9747,-0.3245
18.9082,7.7389,-7.8740,-0.1575,0.9880,0.6157
18.9297,7.7178,-7.8740,-0.1575,0.9836,-0.2046
18.9511,7.6966,-7.8740,-0.1575,0.9879,0.2039
18.9723,7.6756,-7.8740,-0.1575,0.9937,0.2709
18.9935,7.6547,-7.8740,-0.1575,0.9832,-0.4928
19.0149,7.6338,-7.8740,-0.1575,0.9756,-0.3562
19.0363,7.6128,-7.8740,-0.1575,0.9842,0.4035
19.0574,7.5918,-7.8740,-0.1575,0.9964,0.5782
19.0791,7.5710,-7.8740,-0.1575,0.9578,-1.7818
19.1004,7.5497,-7.8740,-0.1575,0.9997,1.9706
19.1216,7.5287,-7.8740,-0.1575,0.9879,-0.5558
19.1430,7.5079,-7.8740,-0.1575,0.9722,-0.7342
19.1641,7.4869,-7.8740,-0.1575,0.9965,1.1527
19.1851,7.4661,-7.8740,-0.1575,0.9886,-0.3735
19.2063,7.4454,-7.8740,-0.1575,0.9797,-0.4206
19.2281,7.4246,-7.8740,-0.1575,0.9525,-1.2472
19.2495,7.4033,-7.8740,-0.1575,0.9950,1.9880
19.2709,7.3821,-7.8740,-0.1575,0.9893,-0.2630
19.2925,7.3611,-7.8740,-0.1575,0.9783,-0.5132
19.3139,7.3400,-7.8740,-0.1575,0.9820,0.1716
19.3352,7.3189,-7.8740,-0.1575,0.9937,0.5536
19.3564,7.2979,-7.8740,-0.1575,0.9877,-0.2865
19.3775,7.2771,-7.8740,-0.1575,0.9876,-0.0011
19.3989,7.2563,-7.8740,-0.1575,0.9716,-0.7511
19.4202,7.2353,-7.8740,-0.1575,0.9832,0.5487
19.4416,7.2144,-7.8740,-0.1575,0.9745,-0.4085
19.4629,7.1933,-7.8740,-0.1575,0.9970,1.0638
19.4842,7.1723,-7.8740,-0.1575,0.9823,-0.6935
19.5058,7.1514,-7.8740,-0.1575,0.9652,-0.7877
19.5274,7.1302,-7.8740,-0.1575,0.9866,0.9967
19.5487,7.1090,-7.8740,-0.1575,0.9934,0.3182
19.5702,7.0880,-7.8740,-0.1575,0.9746,-0.8756
19.5914,7.0669,-7.8740,-0.1575,0.9973,1.0725
19.6127,7.0459,-7.8740,-0.1575,0.9863,-0.5193
19.6340,7.0251,-7.8740,-0.1575,0.9781,-0.3856
19.6551,7.0041,-7.8740,-0.1575,0.9905,0.5855
19.6765,6.9833,-7.8740,-0.1575,0.9735,-0.7913
19.6978,6.9623,-7.8740,-0.1575,0.9856,0.5646
19.7195,6.9414,-7.8740,-0.1575,0.9614,-1.1084
19.7407,6.9200,-7.8740,-0.1575,1.0092,2.2525
19.7622,6.8992,-7.8740,-0.1575,0.9688,-1.8757
19.7835,6.8781,-7.8740,-0.1575,0.9929,1.1315
19.8049,6.8571,-7.8740,-0.1575,0.9828,-0.4719
19.8264,6.8361,-7.8740,-0.1575,0.9777,-0.2376
19.8481,6.8150,-7.8740,-0.1575,0.9708,-0.3200
19.8691,6.7937,-7.8740,-0.1575,1.0112,1.9239
19.8902,6.7729,-7.8740,-0.1575,0.9862,-1.1859
19.9117,6.7521,-7.8740,-0.1575,0.9675,-0.8673
19.9332,6.7311,-7.8740,-0.1575,0.9785,0.5142
19.9546,6.7100,-7.8740,-0.1575,0.9856,0.3305
19.9760,6.6890,-7.8740,-0.1575,0.9824,-0.1491
19.9972,6.6680,-7.8740,-0.1575,0.9932,0.5069
20.0185,6.6471,-7.8740,-0.1575,0.9759,-0.8080
20.0402,6.6261,-7.8740,-0.1575,0.9718,-0.1876
20.0616,6.6048,-7.8740,-0.1575,0.9916,0.9214
20.0831,6.5838,-7.8740,-0.1575,0.9813,-0.4798
20.1046,6.5626,-7.8740,-0.1575,0.9848,0.1641
20.1258,6.5415,-7.8740,-0.1575,0.9961,0.5323
20.1473,6.5206,-7.8740,-0.1575,0.9693,-1.2441
20.1687,6.4995,-7.8740,-0.1575,0.9887,0.9056
20.1902,6.4785,-7.8740,-0.1575,0.9773,-0.5305
20.2116,6.4573,-7.8740,-0.1575,0.9874,0.4745
20.2331,6.4363,-7.8740,-0.1575,0.9771,-0.4795
20.2547,6.4151,-7.8740,-0.1575,0.9821,0.2298
20.2760,6.3940,-7.8740,-0.1575,0.9919,0.4607
20.2975,6.3730,-7.8740,-0.1575,0.9783,-0.6301
20.3185,6.3519,-7.8740,-0.1575,1.0035,1.1980
20.3402,6.3311,-7.8740,-0.1575,0.9560,-2.1852
20.3618,6.3098,-7.8740,-0.1575,0.9859,1.3821
20.3834,6.2886,-7.8740,-0.1575,0.9825,-0.1530
20.4048,6.2674,-7.8740,-0.1575,0.9919,0.4355
20.4263,6.2463,-7.8740,-0.1575,0.9792,-0.5858
20.4475,6.2252,-7.8740,-0.1575,0.9976,0.8699
20.4688,6.2043,-7.8740,-0.1575,0.9797,-0.8409
20.4903,6.1834,-7.8740,-0.1575,0.9705,-0.4278
20.5115,6.1623,-7.8740,-0.1575,0.9952,1.1645
20.5332,6.1413,-7.8740,-0.1575,0.9686,-1.2336
20.5549,6.1201,-7.8740,-0.1575,0.9772,0.3956
20.5763,6.0988,-7.8740,-0.1575,0.9929,0.7334
20.5974,6.0778,-7.8740,-0.1575,0.9979,0.2380
20.6191,6.0569,-7.8740,-0.1575,0.9642,-1.5600
20.6404,6.0357,-7.8740,-0.1575,0.9935,1.3744
20.6619,6.0147,-7.8740,-0.1575,0.9769,-0.7715
20.6837,5.9935,-7.8740,-0.1575,0.9717,-0.2373
20.7050,5.9721,-7.8740,-0.1575,1.0057,1.6012
20.7268,5.9511,-7.8740,-0.1575,0.9595,-2.1121
20.7479,5.9298,-7.8740,-0.1575,1.0125,2.5174
20.7691,5.9089,-7.8740,-0.1575,0.9851,-1.2936
20.7905,5.8881,-7.8740,-0.1575,0.9745,-0.4949
20.8121,5.8671,-7.8740,-0.1575,0.9741,-0.0176
20.8338,5.8459,-7.8740,-0.1575,0.9751,0.0467
20.8554,5.8246,-7.8740,-0.1575,0.9833,0.3792
20.8767,5.8033,-7.8740,-0.1575,1.0004,0.8033
20.8977,5.7823,-7.8740,-0.1575,0.9996,-0.0395
20.9193,5.7616,-7.8740,-0.1575,0.9622,-1.7339
20.9408,5.7405,-7.8740,-0.1575,0.9824,0.9420
20.9631,5.7194,-7.8740,-0.1575,0.9458,-1.6413
20.9847,5.6976,-7.8740,-0.1575,1.0052,2.7460
21.0061,5.6760,-7.8740,-0.1575,1.0095,0.2006
21.0276,5.6551,-7.8740,-0.1575,0.9742,-1.6449
21.0488,5.6340,-7.8740,-0.1575,0.9966,1.0521
21.0700,5.6130,-7.8740,-0.1575,0.9862,-0.4889
21.0915,5.5922,-7.8740,-0.1575,0.9692,-0.7918
21.1135,5.5711,-7.8740,-0.1575,0.9597,-0.4288
21.1352,5.5496,-7.8740,-0.1575,0.9936,1.5668
21.1570,5.5282,-7.8740,-0.1575,0.9758,-0.8142
21.1786,5.5068,-7.8740,-0.1575,0.9896,0.6369
21.2002,5.4855,-7.8740,-0.1575,0.9888,-0.0371
21.2214,5.4643,-7.8740,-0.1575,1.0020,0.6263
21.2426,5.4433,-7.8740,-0.1575,0.9898,-0.5801
21.2643,5.4225,-7.8740,-0.1575,0.9580,-1.4621
21.2862,5.4012,-7.8740,-0.1575,0.9709,0.5888
21.3075,5.3798,-7.8740,-0.1575,1.0113,1.9075
21.3289,5.3588,-7.8740,-0.1575,0.9769,-1.6057
21.3501,5.3377,-7.8740,-0.1575,0.9950,0.8490
21.3713,5.3168,-7.8740,-0.1575,0.9854,-0.4506
21.3927,5.2959,-7.8740,-0.1575,0.9777,-0.3628
21.4141,5.2750,-7.8740,-0.1575,0.9753,-0.1131
21.4356,5.2540,-7.8740,-0.1575,0.9789,0.1685
21.4572,5.2328,-7.8740,-0.1575,0.9824,0.1606
21.4784,5.2116,-7.8740,-0.1575,1.0002,0.8417
21.4996,5.1907,-7.8740,-0.1575,0.9825,-0.8318
21.5213,5.1698,-7.8740,-0.1575,0.9651,-0.8044
21.5428,5.1486,-7.8740,-0.1575,0.9845,0.9002
21.5642,5.1275,-7.8740,-0.1575,0.9897,0.2437
21.5855,5.1064,-7.8740,-0.1575,0.9908,0.0500
21.6068,5.0854,-7.8740,-0.1575,0.9832,-0.3539
21.6282,5.0644,-7.8740,-0.1575,0.9787,-0.2091
21.6496,5.0434,-7.8740,-0.1575,0.9834,0.2160
21.6711,5.0224,-7.8740,-0.1575,0.9778,-0.2580
21.6924,5.0012,-7.8740,-0.1575,0.9934,0.7314
21.7136,4.9802,-7.8740,-0.1575,0.9920,-0.0674
21.7352,4.9594,-7.8740,-0.1575,0.9646,-1.2678
21.7565,4.9384,-7.8740,-0.1575,0.9845,0.9323
21.7780,4.9173,-7.8740,-0.1575,0.9829,-0.0766
21.7994,4.8962,-7.8740,-0.1575,0.9846,0.0810
21.8209,4.8751,-7.8740,-0.1575,0.9818,-0.1320
21.8427,4.8540,-7.8740,-0.1575,0.9690,-0.5872
21.8642,4.8326,-7.8740,-0.1575,0.9933,1.1307
21.8857,4.8115,-7.8740,-0.1575,0.9825,-0.5013
21.9068,4.7901,-7.8740,-0.1575,1.0097,1.2849
21.9280,4.7695,-7.8740,-0.1575,0.9774,-1.5272
21.9492,4.7487,-7.8740,-0.1575,0.9782,0.0385
21.9705,4.7278,-7.8740,-0.1575,0.9820,0.1803
21.9915,4.7069,-7.8740,-0.1575,0.9945,0.5946
22.0128,4.6862,-7.8740,-0.1575,0.9752,-0.9084
22.0336,4.6653,-7.8740,-0.1575,0.9989,1.1353
22.0552,4.6447,-7.8740,-0.1575,0.9586,-1.8722
22.0767,4.6237,-7.8740,-0.1575,0.9750,0.7627
22.0984,4.6025,-7.8740,-0.1575,0.9776,0.1188
22.1198,4.5812,-7.8740,-0.1575,0.9960,0.8626
22.1415,4.5602,-7.8740,-0.1575,0.9692,-1.2313
22.1629,4.5389,-7.8740,-0.1575,0.9929,1.1037
22.1839,4.5179,-7.8740,-0.1575,1.0018,0.4252
22.2051,4.4971,-7.8740,-0.1575,0.9794,-1.0578
22.2262,4.4762,-7.8740,-0.1575,0.9878,0.3986
22.2476,4.4554,-7.8740,-0.1575,0.9757,-0.5679
22.2689,4.4345,-7.8740,-0.1575,0.9792,0.1673
22.2902,4.4135,-7.8740,-0.1575,0.9875,0.3881
22.3123,4.3925,-7.8740,-0.1575,0.9465,-1.8537
22.3340,4.3709,-7.8740,-0.1575,0.9966,2.3062
22.3553,4.3495,-7.8740,-0.1575,1.0027,0.2881
22.3766,4.3285,-7.8740,-0.1575,0.9868,-0.7500
22.3980,4.3076,-7.8740,-0.1575,0.9764,-0.4815
22.4195,4.2866,-7.8740,-0.1575,0.9818,0.2516
22.4411,4.2655,-7.8740,-0.1575,0.9752,-0.3087
22.4625,4.2442,-7.8740,-0.1575,0.9920,0.7847
22.4845,4.2232,-7.8740,-0.1575,0.9571,-1.5856
22.5057,4.2016,-7.8740,-0.1575,1.0171,2.8283
22.5270,4.1806,-7.8740,-0.1575,0.9837,-1.5662
22.5483,4.1596,-7.8740,-0.1575,0.9883,0.2135
22.5699,4.1387,-7.8740,-0.1575,0.9678,-0.9483
22.5914,4.1176,-7.8740,-0.1575,0.9825,0.6836
22.6130,4.0965,-7.8740,-0.1575,0.9805,-0.0915
22.6344,4.0753,-7.8740,-0.1575,0.9892,0.4076
22.6558,4.0543,-7.8740,-0.1575,0.9812,-0.3738
22.6772,4.0331,-7.8740,-0.1575,0.9902,0.4201
22.6987,4.0121,-7.8740,-0.1575,0.9788,-0.5316
22.7197,3.9910,-7.8740,-0.1575,1.0033,1.1687
22.7411,3.9703,-7.8740,-0.1575,0.9657,-1.7573
22.7631,3.9493,-7.8740,-0.1575,0.9556,-0.4568
22.7847,3.9278,-7.8740,-0.1575,0.9970,1.9191
22.8058,3.9064,-7.8740,-0.1575,1.0086,0.5476
22.8271,3.8855,-7.8740,-0.1575,0.9808,-1.3017
22.8483,3.8646,-7.8740,-0.1575,0.9855,0.2224
22.8697,3.8438,-7.8740,-0.1575,0.9748,-0.5024
22.8906,3.8228,-7.8740,-0.1575,1.0056,1.4732
22.9118,3.8022,-7.8740,-0.1575,0.9733,-1.5279
22.9332,3.7814,-7.8740,-0.1575,0.9687,-0.2141
22.9545,3.7603,-7.8740,-0.1575,0.9945,1.2139
22.9757,3.7395,-7.8740,-0.1575,0.9809,-0.6393
22.9973,3.7185,-7.8740,-0.1575,0.9701,-0.4986
23.0189,3.6975,-7.8740,-0.1575,0.9750,0.2260
23.0402,3.6762,-7.8740,-0.1575,0.9944,0.9063
23.0617,3.6552,-7.8740,-0.1575,0.9820,-0.5798
23.0832,3.6341,-7.8740,-0.1575,0.9793,-0.1232
23.1048,3.6130,-7.8740,-0.1575,0.9785,-0.0388
23.1265,3.5917,-7.8740,-0.1575,0.9804,0.0886
23.1479,3.5704,-7.8740,-0.1575,0.9951,0.6873
23.1699,3.5493,-7.8740,-0.1575,0.9586,-1.6565
23.1913,3.5278,-7.8740,-0.1575,1.0076,2.2979
23.2137,3.5067,-7.8740,-0.1575,0.9390,-3.0518
23.2353,3.4848,-7.8740,-0.1575,1.0174,3.6391
23.2562,3.4635,-7.8740,-0.1575,1.0134,-0.1921
23.2778,3.4427,-7.8740,-0.1575,0.9656,-2.2153
23.2990,3.4216,-7.8740,-0.1575,0.9940,1.3359
23.3201,3.4006,-7.8740,-0.1575,0.9949,0.0424
23.3413,3.3800,-7.8740,-0.1575,0.9756,-0.9100
23.3625,3.3592,-7.8740,-0.1575,0.9767,0.0519
23.3838,3.3382,-7.8740,-0.1575,0.9874,0.5022
23.4052,3.3172,-7.8740,-0.1575,0.9796,-0.3637
23.4267,3.2962,-7.8740,-0.1575,0.9743,-0.2466
23.4481,3.2751,-7.8740,-0.1575,0.9903,0.7472
23.4693,3.2541,-7.8740,-0.1575,0.9901,-0.0111
23.4906,3.2333,-7.8740,-0.1575,0.9770,-0.6123
23.5120,3.2123,-7.8740,-0.1575,0.9779,0.0410
23.5335,3.1913,-7.8740,-0.1575,0.9817,0.1764
23.5549,3.1702,-7.8740,-0.1575,0.9876,0.2758
23.5765,3.1492,-7.8740,-0.1575,0.9732,-0.6646
23.5978,3.1280,-7.8740,-0.1575,0.9915,0.8583
23.6197,3.1070,-7.8740,-0.1575,0.9614,-1.3772
23.6413,3.0856,-7.8740,-0.1575,0.9885,1.2501
23.6629,3.0642,-7.8740,-0.1575,0.9945,0.2808
23.6841,3.0429,-7.8740,-0.1575,1.0008,0.2963
23.7058,3.0221,-7.8740,-0.1575,0.9598,-1.8894
23.7269,3.0009,-7.8740,-0.1575,1.0027,2.0268
23.7480,2.9800,-7.8740,-0.1575,0.9907,-0.5715
23.7697,2.9592,-7.8740,-0.1575,0.9573,-1.5341
23.7910,2.9380,-7.8740,-0.1575,0.9969,1.8640
23.8122,2.9170,-7.8740,-0.1575,0.9866,-0.4879
23.8337,2.8961,-7.8740,-0.1575,0.9725,-0.6548
23.8549,2.8750,-7.8740,-0.1575,0.9997,1.2890
23.8767,2.8541,-7.8740,-0.1575,0.9587,-1.8838
23.8978,2.8328,-7.8740,-0.1575,1.0055,2.2081
23.9191,2.8118,-7.8740,-0.1575,0.9894,-0.7568
23.9405,2.7910,-7.8740,-0.1575,0.9720,-0.8149
23.9618,2.7700,-7.8740,-0.1575,0.9809,0.4159
23.9831,2.7490,-7.8740,-0.1575,0.9936,0.6013
24.0042,2.7281,-7.8740,-0.1575,0.9846,-0.4260
24.0260,2.7072,-7.8740,-0.1575,0.9592,-1.1654
24.0474,2.6859,-7.8740,-0.1575,0.9960,1.7216
24.0689,2.6649,-7.8740,-0.1575,0.9758,-0.9389
24.0902,2.6438,-7.8740,-0.1575,0.9944,0.8722
24.1119,2.6228,-7.8740,-0.1575,0.9645,-1.3751
24.1333,2.6015,-7.8740,-0.1575,0.9955,1.4449
24.1546,2.5805,-7.8740,-0.1575,0.9870,-0.3960
24.1759,2.5595,-7.8740,-0.1575,0.9823,-0.2202
24.1973,2.5385,-7.8740,-0.1575,0.9864,0.1933
24.2187,2.5175,-7.8740,-0.1575,0.9842,-0.1069
24.2401,2.4965,-7.8740,-0.1575,0.9763,-0.3660
24.2612,2.4755,-7.8740,-0.1575,0.9976,1.0057
24.2829,2.4546,-7.8740,-0.1575,0.9610,-1.6831
24.3043,2.4333,-7.8740,-0.1575,0.9948,1.5779
24.3259,2.4123,-7.8740,-0.1575,0.9767,-0.8384
24.3473,2.3911,-7.8740,-0.1575,0.9892,0.5823
24.3686,2.3701,-7.8740,-0.1575,0.9859,-0.1540
24.3901,2.3491,-7.8740,-0.1575,0.9711,-0.6855
24.4120,2.3279,-7.8740,-0.1575,0.9728,0.0765
24.4337,2.3065,-7.8740,-0.1575,0.9830,0.4696
24.4554,2.2851,-7.8740,-0.1575,0.9862,0.1460
24.4768,2.2638,-7.8740,-0.1575,0.9981,0.5569
24.4981,2.2428,-7.8740,-0.1575,0.9879,-0.4759
24.5197,2.2218,-7.8740,-0.1575,0.9732,-0.6838
24.5408,2.2006,-7.8740,-0.1575,1.0017,1.3525
24.5621,2.1798,-7.8740,-0.1575,0.9752,-1.2433
24.5837,2.1588,-7.8740,-0.1575,0.9734,-0.0841
24.6052,2.1376,-7.8740,-0.1575,0.9858,0.5767
24.6267,2.1165,-7.8740,-0.1575,0.9838,-0.0941
24.6483,2.0954,-7.8740,-0.1575,0.9749,-0.4086
24.6696,2.0741,-7.8740,-0.1575,0.9999,1.1732
24.6912,2.0531,-7.8740,-0.1575,0.9712,-1.3281
24.7123,2.0320,-7.8740,-0.1575,1.0010,1.4104
24.7339,2.0111,-7.8740,-0.1575,0.9683,-1.5194
24.7553,1.9900,-7.8740,-0.1575,0.9845,0.7572
24.7766,1.9689,-7.8740,-0.1575,0.9897,0.2449
24.7977,1.9479,-7.8740,-0.1575,0.9932,0.1660
24.8192,1.9271,-7.8740,-0.1575,0.9707,-1.0501
24.8404,1.9061,-7.8740,-0.1575,0.9900,0.9060
24.8622,1.8851,-7.8740,-0.1575,0.9638,-1.2065
24.8838,1.8638,-7.8740,-0.1575,0.9842,0.9420
24.9052,1.8424,-7.8740,-0.1575,1.0003,0.7550
24.9265,1.8214,-7.8740,-0.1575,0.9860,-0.6696
24.9477,1.8005,-7.8740,-0.1575,0.9851,-0.0461
24.9693,1.7797,-7.8740,-0.1575,0.9629,-1.0259
24.9909,1.7585,-7.8740,-0.1575,0.9830,0.9346
25.0122,1.7373,-7.8740,-0.1575,0.9959,0.6044
25.0339,1.7163,-7.8740,-0.1575,0.9677,-1.3022
25.0551,1.6950,-7.8740,-0.1575,1.0015,1.5869
25.0767,1.6740,-7.8740,-0.1575,0.9753,-1.2137
25.0979,1.6529,-7.8740,-0.1575,0.9965,0.9970
25.1194,1.6320,-7.8740,-0.1575,0.9717,-1.1558
25.1412,1.6110,-7.8740,-0.1575,0.9627,-0.4113
25.1628,1.5896,-7.8740,-0.1575,0.9920,1.3572
25.1844,1.5683,-7.8740,-0.1575,0.9829,-0.4214
25.2058,1.5470,-7.8740,-0.1575,0.9964,0.6316
25.2272,1.5260,-7.8740,-0.1575,0.9857,-0.5014
25.2487,1.5049,-7.8740,-0.1575,0.9808,-0.2251
25.2699,1.4839,-7.8740,-0.1575,0.9877,0.3221
25.2917,1.4629,-7.8740,-0.1575,0.9667,-0.9677
25.3129,1.4416,-7.8740,-0.1575,1.0012,1.6276
25.3342,1.4206,-7.8740,-0.1575,0.9840,-0.8048
25.3556,1.3996,-7.8740,-0.1575,0.9795,-0.2131
25.3768,1.3786,-7.8740,-0.1575,0.9909,0.5375
25.3981,1.3577,-7.8740,-0.1575,0.9834,-0.3505
25.4199,1.3368,-7.8740,-0.1575,0.9596,-1.0940
25.4414,1.3155,-7.8740,-0.1575,0.9898,1.4063
25.4626,1.2943,-7.8740,-0.1575,0.9989,0.4258
25.4838,1.2734,-7.8740,-0.1575,0.9867,-0.5764
25.5053,1.2525,-7.8740,-0.1575,0.9730,-0.6378
25.5266,1.2315,-7.8740,-0.1575,0.9847,0.5524
25.5480,1.2105,-7.8740,-0.1575,0.9820,-0.1262
25.5693,1.1895,-7.8740,-0.1575,0.9868,0.2219
25.5911,1.1686,-7.8740,-0.1575,0.9597,-1.2419
25.6125,1.1472,-7.8740,-0.1575,0.9964,1.7080
25.6340,1.1261,-7.8740,-0.1575,0.9836,-0.5927
25.6556,1.1050,-7.8740,-0.1575,0.9791,-0.2092
25.6768,1.0838,-7.8740,-0.1575,0.9979,0.8842
25.6984,1.0628,-7.8740,-0.1575,0.9699,-1.2925
25.7201,1.0416,-7.8740,-0.1575,0.9780,0.3707
25.7421,1.0203,-7.8740,-0.1575,0.9709,-0.3251
25.7640,0.9989,-7.8740,-0.1575,0.9780,0.3240
25.7852,0.9772,-7.8740,-0.1575,1.0227,2.1142
25.8064,0.9562,-7.8740,-0.1575,0.9857,-1.7384
25.8280,0.9353,-7.8740,-0.1575,0.9716,-0.6555
25.8490,0.9143,-7.8740,-0.1575,1.0023,1.4583
25.8701,0.8935,-7.8740,-0.1575,0.9812,-0.9973
25.8915,0.8727,-7.8740,-0.1575,0.9743,-0.3200
25.9129,0.8518,-7.8740,-0.1575,0.9774,0.1432
25.9341,0.8308,-7.8740,-0.1575,0.9901,0.5956
25.9557,0.8098,-7.8740,-0.1575,0.9696,-0.9477
25.9768,0.7886,-7.8740,-0.1575,1.0059,1.7185
25.9982,0.7679,-7.8740,-0.1575,0.9703,-1.6643
26.0195,0.7469,-7.8740,-0.1575,0.9866,0.7620
26.0408,0.7259,-7.8740,-0.1575,0.9829,-0.1704
26.0620,0.7050,-7.8740,-0.1575,0.9832,0.0107
26.0834,0.6841,-7.8740,-0.1575,0.9795,-0.1710
26.1048,0.6631,-7.8740,-0.1575,0.9811,0.0733
26.1268,0.6421,-7.8740,-0.1575,0.9587,-1.0211
26.1483,0.6206,-7.8740,-0.1575,0.9992,1.8819
26.1697,0.5994,-7.8740,-0.1575,0.9885,-0.4984
26.1910,0.5784,-7.8740,-0.1575,0.9845,-0.1879
26.2122,0.5572,-7.8740,-0.1575,0.9987,0.6732
26.2343,0.5363,-7.8740,-0.1575,0.9469,-2.3530
26.2555,0.5149,-7.8740,-0.1575,1.0111,3.0268
26.2767,0.4939,-7.8740,-0.1575,0.9896,-1.0140
26.2979,0.4730,-7.8740,-0.1575,0.9846,-0.2381
26.3192,0.4522,-7.8740,-0.1575,0.9761,-0.3977
26.3411,0.4312,-7.8740,-0.1575,0.9615,-0.6693
26.3629,0.4098,-7.8740,-0.1575,0.9791,0.8099
26.3844,0.3884,-7.8740,-0.1575,0.9966,0.8119
26.4062,0.3671,-7.8740,-0.1575,0.9763,-0.9330
26.4279,0.3457,-7.8740,-0.1575,0.9855,0.4245
26.4494,0.3244,-7.8740,-0.1575,0.9899,0.2055
26.4710,0.3033,-7.8740,-0.1575,0.9795,-0.4846
26.4923,0.2820,-7.8740,-0.1575,0.9964,0.7957
26.5142,0.2610,-7.8740,-0.1575,0.9614,-1.6068
26.5353,0.2397,-7.8740,-0.1575,1.0098,2.2927
26.5564,0.2188,-7.8740,-0.1575,0.9871,-1.0703
26.5780,0.1980,-7.8740,-0.1575,0.9678,-0.8960
26.5990,0.1769,-7.8740,-0.1575,1.0041,1.7261
26.6203,0.1562,-7.8740,-0.1575,0.9723,-1.4944
26.6417,0.1352,-7.8740,-0.1575,0.9800,0.3598
26.6630,0.1142,-7.8740,-0.1575,0.9828,0.1312
26.6844,0.0932,-7.8740,-0.1575,0.9806,-0.1056
26.7061,0.0722,-7.8740,-0.1575,0.9715,-0.4160
26.7277,0.0508,-7.8740,-0.1575,0.9877,0.7474
26.7489,0.0311,-7.8740,-0.1575,0.9321,-2.6294
26.7704,0.0160,-7.8740,-0.1575,0.7026,-10.6493
26.7919,0.0058,-7.8740,-0.1575,0.4730,-10.7010
26.8139,0.0012,-7.8740,-0.1575,0.2088,-12.0174
26.8355,0.0002,-7.8740,-0.1575,0.0462,-7.5285
26.8570,0.0000,-7.8740,-0.1575,0.0093,-1.7176
26.8782,0.0000,-7.8740,-0.1575,0.0019,-0.3482
26.9005,0.0000,-7.8740,-0.1575,0.0004,-0.0682
26.9222,0.0000,-7.8730,-0.1575,0.0480,2.1949
26.9433,0.0000,-7.8677,-0.1575,0.2487,9.5129
26.9650,0.0000,-7.8574,-0.1575,0.4745,10.3695
26.9869,0.0000,-7.8416,-0.1575,0.7252,11.4873
27.0084,0.0000,-7.8214,-0.1575,0.9396,9.9701
27.0305,0.0000,-7.8004,-0.1575,0.9468,0.3265
27.0517,0.0000,-7.7788,-0.1575,1.0181,3.3569
27.0732,0.0000,-7.7578,-0.1575,0.9749,-2.0074
27.0949,0.0000,-7.7367,-0.1575,0.9754,0.0209
27.1160,0.0000,-7.7153,-0.1575,1.0132,1.7940
27.1375,0.0000,-7.6945,-0.1575,0.9690,-2.0561
27.1586,0.0000,-7.6735,-0.1575,0.9941,1.1879
27.1798,0.0000,-7.6526,-0.1575,0.9862,-0.3762
27.2012,0.0000,-7.6318,-0.1575,0.9703,-0.7404
27.2225,0.0000,-7.6108,-0.1575,0.9847,0.6777
27.2440,0.0000,-7.5898,-0.1575,0.9827,-0.0938
27.2657,0.0000,-7.5688,-0.1575,0.9666,-0.7392
27.2872,0.0000,-7.5475,-0.1575,0.9896,1.0704
27.3087,0.0000,-7.5263,-0.1575,0.9835,-0.2843
27.3304,0.0000,-7.5052,-0.1575,0.9751,-0.3855
27.3520,0.0000,-7.4839,-0.1575,0.9862,0.5133
27.3733,0.0000,-7.4626,-0.1575,0.9997,0.6362
27.3945,0.0000,-7.4416,-0.1575,0.9884,-0.5357
27.4157,0.0000,-7.4207,-0.1575,0.9845,-0.1800
27.4374,0.0000,-7.3999,-0.1575,0.9606,-1.1047
27.4587,0.0000,-7.3786,-0.1575,1.0002,1.8595
27.4802,0.0000,-7.3576,-0.1575,0.9742,-1.2048
27.5016,0.0000,-7.3365,-0.1575,0.9894,0.7083
27.5233,0.0000,-7.3155,-0.1575,0.9709,-0.8512
27.5452,0.0000,-7.2942,-0.1575,0.9691,-0.0841
27.5664,0.0000,-7.2728,-0.1575,1.0099,1.9200
27.5880,0.0000,-7.2517,-0.1575,0.9755,-1.5881
27.6095,0.0000,-7.2305,-0.1575,0.9850,0.4387
27.6313,0.0000,-7.2094,-0.1575,0.9713,-0.6269
27.6529,0.0000,-7.1880,-0.1575,0.9861,0.6840
27.6744,0.0000,-7.1667,-0.1575,0.9905,0.2008
27.6960,0.0000,-7.1456,-0.1575,0.9817,-0.4072
27.7181,0.0000,-7.1244,-0.1575,0.9585,-1.0498
27.7395,0.0000,-7.1027,-0.1575,1.0096,2.3826
27.7611,0.0000,-7.0816,-0.1575,0.9793,-1.4077
27.7824,0.0000,-7.0603,-0.1575,0.9995,0.9528
27.8039,0.0000,-7.0393,-0.1575,0.9758,-1.1041
27.8260,0.0000,-7.0183,-0.1575,0.9547,-0.9548
27.8477,0.0000,-6.9967,-0.1575,0.9924,1.7322
27.8693,0.0000,-6.9753,-0.1575,0.9932,0.0399
27.8907,0.0000,-6.9540,-0.1575,0.9904,-0.1347
27.9118,0.0000,-6.9328,-0.1575,1.0090,0.8881
27.9332,0.0000,-6.9122,-0.1575,0.9647,-2.0704
27.9547,0.0000,-6.8912,-0.1575,0.9717,0.3226
27.9763,0.0000,-6.8700,-0.1575,0.9846,0.5983
27.9976,0.0000,-6.8488,-0.1575,0.9937,0.4286
28.0193,0.0000,-6.8275,-0.1575,0.9814,-0.5702
28.0406,0.0000,-6.8065,-0.1575,0.9869,0.2601
28.0623,0.0000,-6.7855,-0.1575,0.9658,-0.9758
28.0838,0.0000,-6.7642,-0.1575,0.9886,1.0581
28.1055,0.0000,-6.7430,-0.1575,0.9806,-0.3672
28.1269,0.0000,-6.7217,-0.1575,0.9945,0.6485
28.1484,0.0000,-6.7007,-0.1575,0.9781,-0.7598
28.1698,0.0000,-6.6795,-0.1575,0.9887,0.4949
28.1913,0.0000,-6.6585,-0.1575,0.9819,-0.3168
28.2125,0.0000,-6.6374,-0.1575,0.9937,0.5529
28.2340,0.0000,-6.6165,-0.1575,0.9675,-1.2165
28.2556,0.0000,-6.5954,-0.1575,0.9784,0.5060
28.2773,0.0000,-6.5742,-0.1575,0.9766,-0.0823
28.2988,0.0000,-6.5528,-0.1575,0.9928,0.7507
28.3197,0.0000,-6.5316,-0.1575,1.0197,1.2936
28.3410,0.0000,-6.5110,-0.1575,0.9627,-2.6691
28.3625,0.0000,-6.4901,-0.1575,0.9724,0.4539
28.3840,0.0000,-6.4690,-0.1575,0.9831,0.4955
28.4055,0.0000,-6.4478,-0.1575,0.9861,0.1420
28.4270,0.0000,-6.4268,-0.1575,0.9803,-0.2703
28.4485,0.0000,-6.4056,-0.1575,0.9834,0.1445
28.4700,0.0000,-6.3845,-0.1575,0.9814,-0.0929
28.4916,0.0000,-6.3633,-0.1575,0.9837,0.1058
28.5138,0.0000,-6.3422,-0.1575,0.9473,-1.6328
28.5352,0.0000,-6.3204,-0.1575,1.0168,3.2474
28.5568,0.0000,-6.2992,-0.1575,0.9850,-1.4753
28.5783,0.0000,-6.2781,-0.1575,0.9813,-0.1694
28.5996,0.0000,-6.2567,-0.1575,1.0046,1.0971
28.6207,0.0000,-6.2359,-0.1575,0.9836,-0.9918
28.6422,0.0000,-6.2151,-0.1575,0.9669,-0.7794
28.6637,0.0000,-6.1940,-0.1575,0.9823,0.7195
28.6853,0.0000,-6.1727,-0.1575,0.9874,0.2368
28.7068,0.0000,-6.1517,-0.1575,0.9787,-0.4059
28.7285,0.0000,-6.1305,-0.1575,0.9763,-0.1109
28.7496,0.0000,-6.1091,-0.1575,1.0146,1.8141
28.7710,0.0000,-6.0884,-0.1575,0.9691,-2.1316
28.7924,0.0000,-6.0675,-0.1575,0.9733,0.1953
28.8137,0.0000,-6.0464,-0.1575,0.9914,0.8485
28.8348,0.0000,-6.0254,-0.1575,0.9903,-0.0499
28.8562,0.0000,-6.0046,-0.1575,0.9775,-0.6005
28.8774,0.0000,-5.9836,-0.1575,0.9858,0.3901
28.8989,0.0000,-5.9628,-0.1575,0.9694,-0.7627
28.9209,0.0000,-5.9416,-0.1575,0.9628,-0.3007
28.9421,0.0000,-5.9201,-0.1575,1.0158,2.4984
28.9637,0.0000,-5.8991,-0.1575,0.9738,-1.9443
28.9850,0.0000,-5.8780,-0.1575,0.9887,0.6999
29.0063,0.0000,-5.8570,-0.1575,0.9840,-0.2215
29.0278,0.0000,-5.8360,-0.1575,0.9785,-0.2546
29.0489,0.0000,-5.8149,-0.1575,1.0012,1.0757
29.0702,0.0000,-5.7940,-0.1575,0.9814,-0.9318
29.0914,0.0000,-5.7732,-0.1575,0.9804,-0.0455
29.1130,0.0000,-5.7524,-0.1575,0.9634,-0.7872
29.1349,0.0000,-5.7312,-0.1575,0.9698,0.2919
29.1562,0.0000,-5.7098,-0.1575,1.0030,1.5525
29.1784,0.0000,-5.6886,-0.1575,0.9564,-2.1020
29.1996,0.0000,-5.6671,-0.1575,1.0134,2.6836
29.2209,0.0000,-5.6461,-0.1575,0.9874,-1.2205
29.2421,0.0000,-5.6251,-0.1575,0.9897,0.1086
29.2636,0.0000,-5.6041,-0.1575,0.9716,-0.8435
29.2848,0.0000,-5.5831,-0.1575,0.9943,1.0728
29.3062,0.0000,-5.5622,-0.1575,0.9774,-0.7944
29.3277,0.0000,-5.5412,-0.1575,0.9789,0.0703
29.3487,0.0000,-5.5201,-0.1575,1.0003,1.0172
29.3702,0.0000,-5.4993,-0.1575,0.9679,-1.5094
29.3914,0.0000,-5.4782,-0.1575,0.9960,1.3235
29.4129,0.0000,-5.4573,-0.1575,0.9721,-1.1131
29.4341,0.0000,-5.4363,-0.1575,0.9912,0.9010
29.4553,0.0000,-5.4154,-0.1575,0.9854,-0.2767
29.4764,0.0000,-5.3946,-0.1575,0.9859,0.0258
29.4979,0.0000,-5.3738,-0.1575,0.9690,-0.7857
29.5193,0.0000,-5.3528,-0.1575,0.9793,0.4783
29.5407,0.0000,-5.3315,-0.1575,0.9927,0.6242
29.5626,0.0000,-5.3106,-0.1575,0.9559,-1.6828
29.5840,0.0000,-5.2892,-0.1575,1.0024,2.1727
29.6054,0.0000,-5.2681,-0.1575,0.9871,-0.7168
29.6265,0.0000,-5.2471,-0.1575,0.9970,0.4723
29.6475,0.0000,-5.2263,-0.1575,0.9842,-0.6092
29.6691,0.0000,-5.2055,-0.1575,0.9666,-0.8195
29.6906,0.0000,-5.1844,-0.1575,0.9811,0.6779
29.7121,0.0000,-5.1633,-0.1575,0.9792,-0.0924
29.7336,0.0000,-5.1421,-0.1575,0.9877,0.4006
29.7547,0.0000,-5.1211,-0.1575,0.9949,0.3376
29.7758,0.0000,-5.1002,-0.1575,0.9888,-0.2895
29.7974,0.0000,-5.0794,-0.1575,0.9652,-1.0917
29.8188,0.0000,-5.0583,-0.1575,0.9855,0.9442
29.8400,0.0000,-5.0373,-0.1575,0.9926,0.3346
29.8618,0.0000,-5.0163,-0.1575,0.9606,-1.4689
29.8829,0.0000,-4.9950,-0.1575,1.0097,2.3285
29.9040,0.0000,-4.9742,-0.1575,0.9866,-1.0958
29.9254,0.0000,-4.9534,-0.1575,0.9727,-0.6491
29.9469,0.0000,-4.9324,-0.1575,0.9746,0.0885
29.9680,0.0000,-4.9113,-0.1575,0.9995,1.1769
29.9897,0.0000,-4.8904,-0.1575,0.9615,-1.7511
30.0115,0.0000,-4.8690,-0.1575,0.9842,1.0431
30.0328,0.0000,-4.8477,-0.1575,0.9986,0.6766
30.0544,0.0000,-4.8267,-0.1575,0.9707,-1.2917
30.0758,0.0000,-4.8056,-0.1575,0.9890,0.8557
30.0974,0.0000,-4.7846,-0.1575,0.9726,-0.7598
30.1190,0.0000,-4.7633,-0.1575,0.9863,0.6350
30.1402,0.0000,-4.7421,-0.1575,0.9983,0.5684
30.1620,0.0000,-4.7211,-0.1575,0.9615,-1.6922
30.1836,0.0000,-4.6998,-0.1575,0.9873,1.1995
30.2051,0.0000,-4.6785,-0.1575,0.9902,0.1307
30.2265,0.0000,-4.6574,-0.1575,0.9881,-0.0955
30.2481,0.0000,-4.6363,-0.1575,0.9778,-0.4760
30.2696,0.0000,-4.6152,-0.1575,0.9820,0.1925
30.2909,0.0000,-4.5940,-0.1575,0.9953,0.6262
30.3124,0.0000,-4.5730,-0.1575,0.9716,-1.0968
30.3337,0.0000,-4.5519,-0.1575,0.9950,1.0967
30.3550,0.0000,-4.5309,-0.1575,0.9843,-0.5002
30.3761,0.0000,-4.5100,-0.1575,0.9887,0.2076
30.3970,0.0000,-4.4892,-0.1575,0.9978,0.4360
30.4185,0.0000,-4.4686,-0.1575,0.9578,-1.8615
30.4403,0.0000,-4.4476,-0.1575,0.9671,0.4269
30.4617,0.0000,-4.4260,-0.1575,1.0070,1.8584
30.4833,0.0000,-4.4051,-0.1575,0.9669,-1.8540
30.5047,0.0000,-4.3840,-0.1575,0.9864,0.9105
30.5259,0.0000,-4.3628,-0.1575,0.9971,0.5028
30.5476,0.0000,-4.3419,-0.1575,0.9641,-1.5237
30.5686,0.0000,-4.3206,-0.1575,1.0154,2.4452
30.5900,0.0000,-4.3000,-0.1575,0.9632,-2.4362
30.6115,0.0000,-4.2789,-0.1575,0.9819,0.8721
30.6324,0.0000,-4.2579,-0.1575,1.0058,1.1458
30.6539,0.0000,-4.2372,-0.1575,0.9611,-2.0773
30.6752,0.0000,-4.2162,-0.1575,0.9884,1.2841
30.6965,0.0000,-4.1952,-0.1575,0.9824,-0.2853
30.7176,0.0000,-4.1742,-0.1575,0.9925,0.4788
30.7391,0.0000,-4.1535,-0.1575,0.9664,-1.2148
30.7604,0.0000,-4.1324,-0.1575,0.9903,1.1195
30.7818,0.0000,-4.1114,-0.1575,0.9788,-0.5340
30.8031,0.0000,-4.0904,-0.1575,0.9905,0.5492
30.8248,0.0000,-4.0694,-0.1575,0.9650,-1.1742
30.8465,0.0000,-4.0481,-0.1575,0.9810,0.7327
30.8680,0.0000,-4.0268,-0.1575,0.9903,0.4326
30.8891,0.0000,-4.0057,-0.1575,1.0028,0.5943
30.9100,0.0000,-3.9848,-0.1575,0.9993,-0.1648
30.9311,0.0000,-3.9643,-0.1575,0.9678,-1.4882
30.9526,0.0000,-3.9434,-0.1575,0.9746,0.3155
30.9738,0.0000,-3.9224,-0.1575,0.9890,0.6810
30.9953,0.0000,-3.9015,-0.1575,0.9723,-0.7774
31.0171,0.0000,-3.8804,-0.1575,0.9688,-0.1629
31.0388,0.0000,-3.8590,-0.1575,0.9868,0.8348
31.0602,0.0000,-3.8377,-0.1575,0.9928,0.2761
31.0817,0.0000,-3.8167,-0.1575,0.9828,-0.4633
31.1031,0.0000,-3.7957,-0.1575,0.9807,-0.0993
31.1246,0.0000,-3.7745,-0.1575,0.9833,0.1211
31.1458,0.0000,-3.7533,-0.1575,0.9996,0.7694
31.1670,0.0000,-3.7324,-0.1575,0.9863,-0.6284
31.1883,0.0000,-3.7116,-0.1575,0.9743,-0.5636
31.2097,0.0000,-3.6906,-0.1575,0.9807,0.3013
31.2309,0.0000,-3.6696,-0.1575,0.9909,0.4793
31.2524,0.0000,-3.6488,-0.1575,0.9685,-1.0387
31.2733,0.0000,-3.6277,-0.1575,1.0099,1.9781
31.2952,0.0000,-3.6071,-0.1575,0.9453,-2.9623
31.3165,0.0000,-3.5857,-0.1575,1.0019,2.6493
31.3381,0.0000,-3.5646,-0.1575,0.9791,-1.0582
31.3592,0.0000,-3.5434,-0.1575,1.0005,1.0134
31.3806,0.0000,-3.5225,-0.1575,0.9758,-1.1564
31.4020,0.0000,-3.5015,-0.1575,0.9794,0.1705
31.4241,0.0000,-3.4805,-0.1575,0.9532,-1.1925
31.4452,0.0000,-3.4590,-0.1575,1.0177,3.0476
31.4666,0.0000,-3.4380,-0.1575,0.9819,-1.6795
31.4882,0.0000,-3.4170,-0.1575,0.9718,-0.4688
31.5101,0.0000,-3.3959,-0.1575,0.9656,-0.2800
31.5316,0.0000,-3.3745,-0.1575,0.9965,1.4335
31.5532,0.0000,-3.3531,-0.1575,0.9878,-0.3997
31.5750,0.0000,-3.3320,-0.1575,0.9676,-0.9256
31.5964,0.0000,-3.3105,-0.1575,1.0070,1.8419
31.6177,0.0000,-3.2895,-0.1575,0.9859,-0.9882
31.6397,0.0000,-3.2685,-0.1575,0.9542,-1.4457
31.6610,0.0000,-3.2470,-0.1575,1.0107,2.6501
31.6824,0.0000,-3.2260,-0.1575,0.9834,-1.2743
31.7038,0.0000,-3.2050,-0.1575,0.9785,-0.2294
31.7257,0.0000,-3.1839,-0.1575,0.9652,-0.6103
31.7471,0.0000,-3.1625,-0.1575,0.9986,1.5580
31.7685,0.0000,-3.1414,-0.1575,0.9869,-0.5460
31.7897,0.0000,-3.1203,-0.1575,0.9952,0.3917
31.8111,0.0000,-3.0994,-0.1575,0.9727,-1.0496
31.8324,0.0000,-3.0784,-0.1575,0.9907,0.8471
31.8538,0.0000,-3.0574,-0.1575,0.9766,-0.6574
31.8750,0.0000,-3.0364,-0.1575,0.9921,0.7270
31.8967,0.0000,-3.0154,-0.1575,0.9680,-1.1126
31.9181,0.0000,-2.9944,-0.1575,0.9804,0.5754
31.9395,0.0000,-2.9732,-0.1575,0.9917,0.5315
31.9610,0.0000,-2.9522,-0.1575,0.9777,-0.6520
31.9827,0.0000,-2.9310,-0.1575,0.9771,-0.0271
32.0041,0.0000,-2.9097,-0.1575,0.9925,0.7201
32.0256,0.0000,-2.8887,-0.1575,0.9786,-0.6468
32.0472,0.0000,-2.8675,-0.1575,0.9817,0.1426
32.0688,0.0000,-2.8463,-0.1575,0.9823,0.0293
32.0904,0.0000,-2.8251,-0.1575,0.9774,-0.2251
32.1118,0.0000,-2.8038,-0.1575,0.9944,0.7935
32.1331,0.0000,-2.7827,-0.1575,0.9927,-0.0824
32.1549,0.0000,-2.7617,-0.1575,0.9645,-1.2959
32.1763,0.0000,-2.7404,-0.1575,0.9927,1.3148
32.1977,0.0000,-2.7194,-0.1575,0.9866,-0.2897
32.2190,0.0000,-2.6983,-0.1575,0.9910,0.2080
32.2403,0.0000,-2.6773,-0.1575,0.9818,-0.4298
32.2619,0.0000,-2.6563,-0.1575,0.9716,-0.4744
32.2833,0.0000,-2.6352,-0.1575,0.9869,0.7158
32.3048,0.0000,-2.6142,-0.1575,0.9779,-0.4185
32.3266,0.0000,-2.5930,-0.1575,0.9704,-0.3459
32.3480,0.0000,-2.5716,-0.1575,1.0022,1.4881
32.3691,0.0000,-2.5505,-0.1575,1.0011,-0.0547
32.3906,0.0000,-2.5297,-0.1575,0.9665,-1.6057
32.4122,0.0000,-2.5086,-0.1575,0.9782,0.5387
32.4335,0.0000,-2.4875,-0.1575,0.9875,0.4392
32.4547,0.0000,-2.4664,-0.1575,0.9963,0.4144
32.4762,0.0000,-2.4455,-0.1575,0.9692,-1.2616
32.4978,0.0000,-2.4245,-0.1575,0.9752,0.2799
32.5191,0.0000,-2.4032,-0.1575,0.9995,1.1404
32.5406,0.0000,-2.3822,-0.1575,0.9745,-1.1621
32.5622,0.0000,-2.3611,-0.1575,0.9788,0.2018
32.5841,0.0000,-2.3399,-0.1575,0.9708,-0.3675
32.6057,0.0000,-2.3185,-0.1575,0.9887,0.8274
32.6270,0.0000,-2.2971,-0.1575,1.0043,0.7345
32.6482,0.0000,-2.2761,-0.1575,0.9890,-0.7226
32.6695,0.0000,-2.2553,-0.1575,0.9778,-0.5252
32.6911,0.0000,-2.2343,-0.1575,0.9723,-0.2562
32.7125,0.0000,-2.2132,-0.1575,0.9855,0.6157
32.7339,0.0000,-2.1922,-0.1575,0.9856,0.0043
32.7554,0.0000,-2.1711,-0.1575,0.9811,-0.2071
32.7772,0.0000,-2.1500,-0.1575,0.9639,-0.7888
32.7984,0.0000,-2.1286,-0.1575,1.0119,2.2708
32.8201,0.0000,-2.1076,-0.1575,0.9655,-2.1413
32.8417,0.0000,-2.0864,-0.1575,0.9798,0.6599
32.8629,0.0000,-2.0651,-0.1575,1.0064,1.2563
32.8841,0.0000,-2.0441,-0.1575,0.9931,-0.6266
32.9057,0.0000,-2.0233,-0.1575,0.9607,-1.4974
32.9269,0.0000,-2.0022,-0.1575,0.9985,1.7868
32.9483,0.0000,-1.9813,-0.1575,0.9734,-1.1723
32.9692,0.0000,-1.9603,-0.1575,1.0026,1.3952
32.9904,0.0000,-1.9396,-0.1575,0.9794,-1.0955
33.0122,0.0000,-1.9188,-0.1575,0.9539,-1.1680
33.0335,0.0000,-1.8975,-0.1575,0.9989,2.1135
33.0551,0.0000,-1.8765,-0.1575,0.9735,-1.1777
33.0764,0.0000,-1.8553,-0.1575,0.9953,1.0262
33.0974,0.0000,-1.8343,-0.1575,1.0000,0.2264
33.1186,0.0000,-1.8136,-0.1575,0.9768,-1.0921
33.1401,0.0000,-1.7927,-0.1575,0.9724,-0.2076
33.1613,0.0000,-1.7717,-0.1575,0.9865,0.6652
33.1830,0.0000,-1.7508,-0.1575,0.9667,-0.9150
33.2042,0.0000,-1.7296,-0.1575,0.9990,1.5198
33.2258,0.0000,-1.7086,-0.1575,0.9690,-1.3870
33.2469,0.0000,-1.6874,-0.1575,1.0070,1.8018
33.2686,0.0000,-1.6666,-0.1575,0.9622,-2.0716
33.2901,0.0000,-1.6454,-0.1575,0.9860,1.1083
33.3119,0.0000,-1.6243,-0.1575,0.9683,-0.8127
33.3333,0.0000,-1.6029,-0.1575,0.9954,1.2619
33.3546,0.0000,-1.5815,-0.1575,1.0040,0.4040
33.3762,0.0000,-1.5607,-0.1575,0.9631,-1.8870
33.3978,0.0000,-1.5395,-0.1575,0.9855,1.0369
33.4194,0.0000,-1.5183,-0.1575,0.9804,-0.2335
33.4410,0.0000,-1.4972,-0.1575,0.9784,-0.0930
33.4621,0.0000,-1.4759,-0.1575,1.0058,1.2966
33.4839,0.0000,-1.4550,-0.1575,0.9597,-2.1172
33.5051,0.0000,-1.4337,-0.1575,1.0025,2.0120
33.5263,0.0000,-1.4127,-0.1575,0.9893,-0.6208
33.5478,0.0000,-1.3919,-0.1575,0.9711,-0.8477
33.5694,0.0000,-1.3708,-0.1575,0.9779,0.3160
33.5904,0.0000,-1.3497,-0.1575,1.0050,1.2910
33.6117,0.0000,-1.3289,-0.1575,0.9745,-1.4345
33.6331,0.0000,-1.3080,-0.1575,0.9761,0.0774
33.6549,0.0000,-1.2870,-0.1575,0.9648,-0.5183
33.6764,0.0000,-1.2656,-0.1575,0.9954,1.4244
33.6979,0.0000,-1.2444,-0.1575,0.9856,-0.4604
33.7196,0.0000,-1.2233,-0.1575,0.9721,-0.6201
33.7409,0.0000,-1.2019,-0.1575,1.0062,1.6086
33.7622,0.0000,-1.1810,-0.1575,0.9814,-1.1659
33.7838,0.0000,-1.1600,-0.1575,0.9713,-0.4659
33.8050,0.0000,-1.1386,-0.1575,1.0127,1.9509
33.8262,0.0000,-1.1179,-0.1575,0.9749,-1.7804
33.8477,0.0000,-1.0971,-0.1575,0.9643,-0.4908
33.8693,0.0000,-1.0759,-0.1575,0.9830,0.8667
33.8908,0.0000,-1.0548,-0.1575,0.9817,-0.0623
33.9126,0.0000,-1.0336,-0.1575,0.9733,-0.3842
33.9343,0.0000,-1.0122,-0.1575,0.9848,0.5305
33.9553,0.0000,-0.9909,-0.1575,1.0112,1.2537
33.9766,0.0000,-0.9701,-0.1575,0.9799,-1.4750
33.9981,0.0000,-0.9492,-0.1575,0.9728,-0.3289
34.0193,0.0000,-0.9282,-0.1575,0.9893,0.7770
34.0406,0.0000,-0.9072,-0.1575,0.9883,-0.0506
34.0621,0.0000,-0.8862,-0.1575,0.9741,-0.6614
34.0835,0.0000,-0.8652,-0.1575,0.9802,0.2877
34.1050,0.0000,-0.8441,-0.1575,0.9831,0.1357
34.1266,0.0000,-0.8231,-0.1575,0.9737,-0.4378
34.1475,0.0000,-0.8018,-0.1575,1.0185,2.1505
34.1686,0.0000,-0.7812,-0.1575,0.9752,-2.0471
34.1902,0.0000,-0.7604,-0.1575,0.9645,-0.4985
34.2116,0.0000,-0.7393,-0.1575,0.9871,1.0582
34.2331,0.0000,-0.7183,-0.1575,0.9785,-0.4024
34.2544,0.0000,-0.6971,-0.1575,0.9939,0.7257
34.2759,0.0000,-0.6759,-0.1575,0.9859,-0.3725
34.2974,0.0000,-0.6549,-0.1575,0.9713,-0.6760
34.3187,0.0000,-0.6339,-0.1575,0.9922,0.9819
34.3402,0.0000,-0.6129,-0.1575,0.9711,-0.9757
34.3616,0.0000,-0.5918,-0.1575,0.9907,0.9146
34.3832,0.0000,-0.5708,-0.1575,0.9719,-0.8684
34.4046,0.0000,-0.5495,-0.1575,0.9930,0.9856
34.4258,0.0000,-0.5283,-0.1575,0.9990,0.2841
34.4473,0.0000,-0.5075,-0.1575,0.9679,-1.4446
34.4686,0.0000,-0.4865,-0.1575,0.9892,0.9991
34.4900,0.0000,-0.4655,-0.1575,0.9782,-0.5133
34.5114,0.0000,-0.4445,-0.1575,0.9847,0.3015
34.5328,0.0000,-0.4235,-0.1575,0.9831,-0.0722
34.5547,0.0000,-0.4024,-0.1575,0.9627,-0.9309
34.5761,0.0000,-0.3808,-0.1575,1.0041,1.9240
34.5973,0.0000,-0.3598,-0.1575,0.9949,-0.4337
34.6184,0.0000,-0.3389,-0.1575,0.9884,-0.3096
34.6400,0.0000,-0.3182,-0.1575,0.9605,-1.2903
34.6616,0.0000,-0.2970,-0.1575,0.9769,0.7549
34.6826,0.0000,-0.2757,-0.1575,1.0145,1.7923
34.7043,0.0000,-0.2551,-0.1575,0.9545,-2.7719
34.7259,0.0000,-0.2339,-0.1575,0.9779,1.0813
34.7475,0.0000,-0.2126,-0.1575,0.9863,0.3865
34.7688,0.0000,-0.1913,-0.1575,0.9985,0.5763
34.7902,0.0000,-0.1703,-0.1575,0.9811,-0.8153
34.8118,0.0000,-0.1493,-0.1575,0.9735,-0.3531
34.8333,0.0000,-0.1282,-0.1575,0.9824,0.4142
34.8549,0.0000,-0.1070,-0.1575,0.9809,-0.0695
34.8764,0.0000,-0.0854,-0.1575,1.0044,1.0910
34.8979,0.0000,-0.0645,-0.1575,0.9719,-1.5125
34.9191,0.0000,-0.0436,-0.1575,0.9860,0.6683
34.9408,0.0000,-0.0254,-0.1575,0.8374,-6.8464
34.9621,0.0000,-0.0119,-0.1575,0.6350,-9.4808
34.9835,0.0000,-0.0037,-0.1575,0.3812,-11.8712
35.0050,0.0000,-0.0007,-0.1575,0.1391,-11.2619
35.0264,0.0000,-0.0001,-0.1575,0.0279,-5.1888
35.0475,0.0000,-0.0000,-0.1575,0.0057,-1.0555
35.0701,0.0000,-0.0000,-0.1575,0.0011,-0.2046
35.0914,0.0000,-0.0000,-0.1572,0.0150,0.6540
35.1131,0.0000,-0.0000,-0.1562,0.0473,1.4900
35.1346,0.0000,-0.0000,-0.1542,0.0912,2.0418
35.1560,0.0000,-0.0000,-0.1514,0.1304,1.8292
35.1774,0.0000,-0.0000,-0.1476,0.1760,2.1330
35.1987,0.0000,-0.0000,-0.1430,0.2154,1.8472
35.2199,0.0000,-0.0000,-0.1375,0.2626,2.2334
35.2412,0.0000,-0.0000,-0.1312,0.2963,1.5821
35.2626,0.0000,-0.0000,-0.1239,0.3384,1.9594
35.2839,0.0000,-0.0000,-0.1157,0.3885,2.3612
35.3052,0.0000,-0.0000,-0.1067,0.4213,1.5299
35.3263,0.0000,-0.0000,-0.0966,0.4763,2.6126
35.3483,0.0000,-0.0000,-0.0859,0.4887,0.5625
35.3699,0.0000,-0.0000,-0.0739,0.5557,3.1074
35.3910,0.0000,-0.0000,-0.0610,0.6078,2.4592
35.4125,0.0000,-0.0000,-0.0475,0.6312,1.0906
35.4340,0.0000,-0.0000,-0.0333,0.6569,1.1956
35.4553,0.0000,-0.0000,-0.0191,0.6689,0.5603
35.4769,0.0000,-0.0000,-0.0049,0.6592,-0.4498
35.4981,0.0000,-0.0000,0.0095,0.6777,0.8713
35.5196,0.0000,-0.0000,0.0237,0.6583,-0.9009
35.5410,0.0000,-0.0000,0.0380,0.6694,0.5199
35.5624,0.0000,-0.0000,0.0522,0.6676,-0.0852
