time_s,cx_px,cy_px,tx_mm,ty_mm,tz_mm
1.7455,213.50,161.50,0.0000,0.0000,
1.8151,213.50,161.50,0.0000,-0.0000,
1.8265,213.75,161.50,0.2499,-0.0000,
1.8888,213.75,161.50,0.2499,-0.0000,
1.9685,213.50,161.75,0.0000,-0.2499,
2.0328,213.50,162.25,0.0000,-0.7496,
2.0973,213.50,163.00,0.0000,-1.4992,
2.1606,213.50,163.75,0.0000,-2.2488,
2.2245,213.75,164.75,0.2499,-3.2482,
2.2888,213.75,165.50,0.2499,-3.9978,
2.3683,213.75,165.50,0.2499,-3.9978,
2.4327,213.75,165.50,0.2499,-3.9978,
2.4965,213.75,165.50,0.2499,-3.9978,
2.5606,214.50,165.50,0.9994,-3.9978,
2.6245,216.00,165.50,2.4986,-3.9978,
2.6885,217.75,165.50,4.2476,-3.9978,
2.7683,219.50,165.50,5.9967,-3.9978,
2.8323,221.50,165.50,7.9956,-3.9978,
2.8963,222.75,165.50,9.2449,-3.9978,
2.9606,224.75,165.50,11.2438,-3.9978,
3.0246,226.75,165.50,13.2426,-3.9978,
3.0886,228.50,165.25,14.9917,-3.7479,
3.1687,229.75,165.25,16.2410,-3.7479,
3.2327,231.50,165.00,17.9900,-3.4981,
3.2966,233.50,164.75,19.9889,-3.2482,
3.3606,235.00,164.75,21.4881,-3.2482,
3.4245,236.75,164.75,23.2371,-3.2482,
3.4885,238.50,164.50,24.9861,-2.9983,
3.5686,240.25,164.50,26.7352,-2.9983,
3.6326,241.75,164.75,28.2343,-3.2482,
3.6965,243.50,164.50,29.9833,-2.9983,
3.7607,245.50,164.50,31.9822,-2.9983,
3.8246,247.25,164.50,33.7313,-2.9983,
3.8886,248.75,164.50,35.2304,-2.9983,
3.9686,250.50,164.50,36.9795,-2.9983,
4.0324,252.50,164.50,38.9784,-2.9983,
4.0966,254.00,164.50,40.4775,-2.9983,
4.1606,255.75,164.50,42.2265,-2.9983,
4.2246,257.75,164.50,44.2254,-2.9983,
4.2885,259.25,164.25,45.7246,-2.7485,
4.3686,260.75,164.25,47.2238,-2.7485,
4.4327,262.50,164.25,48.9728,-2.7485,
4.4966,264.25,163.50,50.7218,-1.9989,
4.5608,266.00,163.75,52.4709,-2.2488,
4.6246,267.50,164.00,53.9700,-2.4986,
4.6886,269.50,163.50,55.9689,-1.9989,
4.7685,271.50,163.50,57.9678,-1.9989,
4.8326,273.25,163.50,59.7168,-1.9989,
4.8966,274.50,163.50,60.9661,-1.9989,
4.9607,276.50,163.50,62.9650,-1.9989,
5.0246,278.25,163.50,64.7141,-1.9989,
5.0886,279.75,163.50,66.2132,-1.9989,
5.1686,281.50,163.50,67.9622,-1.9989,
5.2325,283.50,163.50,69.9611,-1.9989,
5.2969,285.25,163.50,71.7102,-1.9989,
5.3606,287.00,163.50,73.4592,-1.9989,
5.4246,288.50,163.25,74.9584,-1.7490,
5.4886,290.25,163.00,76.7074,-1.4992,
5.5686,291.75,162.75,78.2066,-1.2493,
5.6326,293.50,163.00,79.9556,-1.4992,
5.6974,295.50,162.50,81.9545,-0.9994,
5.7609,297.00,162.50,83.4537,-0.9994,
5.8247,298.75,162.50,85.2027,-0.9994,
5.8891,300.50,162.50,86.9517,-0.9994,
5.9686,302.50,162.50,88.9506,-0.9994,
6.0328,304.00,162.50,90.4498,-0.9994,
6.0973,305.50,162.75,91.9489,-1.2493,
6.1608,307.50,162.50,93.9478,-0.9994,
6.2246,309.50,162.25,95.9467,-0.7496,
6.2886,311.25,162.50,97.6957,-0.9994,
6.3694,312.75,162.50,99.1949,-0.9994,
6.4326,314.25,162.50,100.6941,-0.9994,
6.4969,316.00,162.00,102.4431,-0.4997,
6.5610,318.00,162.00,104.4420,-0.4997,
6.6246,319.50,162.00,105.9412,-0.4997,
6.6887,321.25,161.75,107.6902,-0.2499,
6.7684,322.75,161.75,109.1894,-0.2499,
6.8326,324.75,161.75,111.1882,-0.2499,
6.8966,326.50,161.75,112.9373,-0.2499,
6.9606,328.00,161.75,114.4364,-0.2499,
7.0245,330.00,161.50,116.4353,-0.0000,
7.0887,331.75,161.50,118.1844,-0.0000,
7.1687,333.50,161.50,119.9334,-0.0000,
7.2327,335.25,161.50,121.6824,-0.0000,
7.2968,337.00,161.50,123.4314,-0.0000,
7.3607,338.50,161.75,124.9306,-0.2499,
7.4248,340.50,161.25,126.9295,0.2499,
7.4886,342.25,161.00,128.6785,0.4997,
7.5686,344.25,161.00,130.6774,0.4997,
7.6328,345.75,161.50,132.1766,-0.0000,
7.6970,347.25,161.00,133.6758,0.4997,
7.7614,349.25,161.00,135.6747,0.4997,
7.8244,350.75,160.50,137.1738,0.9994,
7.8888,352.50,160.75,138.9228,0.7496,
7.9691,354.00,160.75,140.4220,0.7496,
8.0327,356.00,160.50,142.4209,0.9994,
8.0967,358.00,160.50,144.4198,0.9994,
8.1610,359.00,160.50,145.4192,0.9994,
8.2248,361.00,160.50,147.4181,0.9994,
8.2890,363.00,160.50,149.4170,0.9994,
8.3688,364.50,160.75,150.9162,0.7496,
8.4328,366.00,160.50,152.4153,0.9994,
8.4972,368.00,160.50,154.4142,0.9994,
8.5613,370.00,160.50,156.4131,0.9994,
8.6247,371.50,160.25,157.9123,1.2493,
8.6888,373.25,160.00,159.6613,1.4992,
8.7686,375.25,160.00,161.6602,1.4992,
8.8327,376.75,159.50,163.1594,1.9989,
8.8967,378.25,159.75,164.6586,1.7490,
8.9610,380.00,159.75,166.4076,1.7490,
9.0247,382.00,159.50,168.4065,1.9989,
9.0888,384.00,159.50,170.4053,1.9989,
9.1688,385.00,159.75,171.4048,1.7490,
9.2326,387.00,159.50,173.4037,1.9989,
9.2968,389.00,159.50,175.4026,1.9989,
9.3606,391.00,159.25,177.4015,2.2488,
9.4247,392.00,159.50,178.4009,1.9989,
9.4887,394.00,159.50,180.3998,1.9989,
9.5688,396.00,159.50,182.3987,1.9989,
9.6327,397.75,159.00,184.1477,2.4986,
9.6971,399.25,159.00,185.6469,2.4986,
9.7608,401.25,159.00,187.6458,2.4986,
9.8248,402.75,159.00,189.1449,2.4986,
9.8890,404.50,159.00,190.8940,2.4986,
9.9687,406.00,159.00,192.3931,2.4986,
10.0329,407.75,159.00,194.1422,2.4986,
10.0970,409.50,158.75,195.8912,2.7485,
10.1608,411.25,158.75,197.6402,2.7485,
10.2248,413.00,158.75,199.3893,2.7485,
10.2888,415.00,158.50,201.3882,2.9983,
10.3689,416.50,158.50,202.8873,2.9983,
10.4327,418.00,158.75,204.3865,2.7485,
10.4969,420.00,158.50,206.3854,2.9983,
10.5609,421.50,158.50,207.8845,2.9983,
10.6245,421.50,158.50,207.8845,2.9983,
10.6887,421.75,158.25,208.1344,3.2482,
10.7687,422.00,158.50,208.3843,2.9983,
10.8330,422.00,158.50,208.3843,2.9983,
10.8965,422.50,158.25,208.8840,3.2482,
10.9607,423.00,158.25,209.3837,3.2482,
11.0248,423.00,158.00,209.3837,3.4981,
11.0889,423.00,158.25,209.3837,3.2482,
11.1688,423.25,158.25,209.6336,3.2482,
11.2329,423.75,158.00,210.1333,3.4981,
11.2968,424.00,157.75,210.3831,3.7479,
11.3608,424.50,158.25,210.8829,3.2482,
11.4249,424.50,158.25,210.8829,3.2482,
11.4885,425.00,158.25,211.3826,3.2482,
11.5688,425.00,158.00,211.3826,3.4981,
11.6328,425.75,158.00,212.1322,3.4981,
11.6967,426.00,158.25,212.3820,3.2482,
11.7607,426.00,158.25,212.3820,3.2482,
11.8247,426.50,158.00,212.8818,3.4981,
11.8888,427.00,158.00,213.3815,3.4981,
11.9686,427.25,157.75,213.6313,3.7479,
12.0329,427.75,158.00,214.1311,3.4981,
12.0968,428.00,157.75,214.3809,3.7479,
12.1620,428.50,158.00,214.8807,3.4981,
12.2248,428.50,157.75,214.8807,3.7479,
12.2889,428.50,157.75,214.8807,3.7479,
12.3688,429.50,157.75,215.8801,3.7479,
12.4329,429.50,157.75,215.8801,3.7479,
12.4975,430.00,158.00,216.3798,3.4981,
12.5607,430.50,157.50,216.8795,3.9978,
12.6255,430.75,157.75,217.1294,3.7479,
12.6887,431.25,157.50,217.6291,3.9978,
12.7688,431.50,157.25,217.8790,4.2476,
12.8325,432.00,157.50,218.3787,3.9978,
12.8969,432.25,157.50,218.6286,3.9978,
12.9608,432.50,157.75,218.8784,3.7479,
13.0246,433.00,157.25,219.3782,4.2476,
13.0889,433.50,157.50,219.8779,3.9978,
13.1687,433.50,157.25,219.8779,4.2476,
13.2335,434.00,157.25,220.3776,4.2476,
13.2968,434.25,157.50,220.6275,3.9978,
13.3610,435.00,157.25,221.3770,4.2476,
13.4253,435.00,157.50,221.3770,3.9978,
13.4888,435.50,157.50,221.8768,3.9978,
13.5688,436.00,157.00,222.3765,4.4975,
13.6327,436.25,157.00,222.6264,4.4975,
13.6970,436.50,157.00,222.8762,4.4975,
13.7608,436.75,157.25,223.1261,4.2476,
13.8248,437.25,157.00,223.6258,4.4975,
13.8888,437.75,157.00,224.1255,4.4975,
13.9685,438.00,157.00,224.3754,4.4975,
14.0329,438.50,157.25,224.8751,4.2476,
14.0968,439.00,157.00,225.3748,4.4975,
14.1609,439.25,157.00,225.6247,4.4975,
14.2247,439.75,157.00,226.1244,4.4975,
14.2889,440.50,156.75,226.8740,4.7474,
14.3689,440.75,156.75,227.1239,4.7474,
14.4327,440.75,156.75,227.1239,4.7474,
14.4969,441.25,157.00,227.6236,4.4975,
14.5610,442.00,156.50,228.3732,4.9972,
14.6255,442.25,157.00,228.6230,4.4975,
14.6889,442.75,156.50,229.1227,4.9972,
14.7690,442.50,156.75,228.8729,4.7474,
14.8329,443.25,156.75,229.6225,4.7474,
14.8966,443.50,156.75,229.8723,4.7474,
14.9616,444.00,156.75,230.3721,4.7474,
15.0246,445.00,156.75,231.3715,4.7474,
15.0889,445.25,156.50,231.6214,4.9972,
15.1688,445.25,156.00,231.6214,5.4969,
15.2329,446.00,156.25,232.3709,5.2471,
15.2967,446.50,156.50,232.8707,4.9972,
15.3609,447.00,156.25,233.3704,5.2471,
15.4251,447.25,156.50,233.6202,4.9972,
15.4889,447.75,156.25,234.1200,5.2471,
15.5690,448.75,156.25,235.1194,5.2471,
15.6329,448.75,156.00,235.1194,5.4969,
15.6969,449.25,156.00,235.6191,5.4969,
15.7611,449.50,156.00,235.8690,5.4969,
15.8248,450.00,156.25,236.3687,5.2471,
15.8890,450.75,155.75,237.1183,5.7468,
15.9689,451.25,155.75,237.6180,5.7468,
16.0329,451.50,156.00,237.8679,5.4969,
16.0972,452.00,156.00,238.3676,5.4969,
16.1610,452.50,156.25,238.8673,5.2471,
16.2246,453.00,156.00,239.3671,5.4969,
16.2889,453.50,155.75,239.8668,5.7468,
16.3690,454.25,155.50,240.6164,5.9967,
16.4331,454.75,155.75,241.1161,5.7468,
16.4967,454.75,155.25,241.1161,6.2465,
16.5607,455.50,155.50,241.8657,5.9967,
16.6256,456.00,155.75,242.3654,5.7468,
16.6889,456.50,155.50,242.8651,5.9967,
16.7692,457.00,155.75,243.3648,5.7468,
16.8327,457.50,155.00,243.8646,6.4964,
16.8969,458.25,155.25,244.6141,6.2465,
16.9609,458.75,155.00,245.1139,6.4964,
17.0249,459.25,155.00,245.6136,6.4964,
17.0890,459.75,155.00,246.1133,6.4964,
17.1689,460.25,154.75,246.6130,6.7463,
17.2331,460.75,155.00,247.1127,6.4964,
17.2969,461.25,155.00,247.6125,6.4964,
17.3609,462.00,154.75,248.3621,6.7463,
17.4253,462.75,154.75,249.1116,6.7463,
17.4889,462.75,154.75,249.1116,6.7463,
17.5691,463.75,155.00,250.1111,6.4964,
17.6329,464.00,155.00,250.3609,6.4964,
17.6968,464.50,155.00,250.8607,6.4964,
17.7609,465.25,154.75,251.6103,6.7463,
17.8256,465.75,155.00,252.1100,6.4964,
17.8888,466.25,154.75,252.6097,6.7463,
17.9689,466.75,154.75,253.1094,6.7463,
18.0328,467.75,154.50,254.1089,6.9961,
18.0969,468.25,154.50,254.6086,6.9961,
18.1611,468.75,154.25,255.1083,7.2460,
18.2250,469.50,154.50,255.8579,6.9961,
18.2890,470.00,154.50,256.3576,6.9961,
18.3690,470.25,154.25,256.6075,7.2460,
18.4330,471.50,154.25,257.8568,7.2460,
18.4968,472.25,154.25,258.6064,7.2460,
18.5608,472.25,153.75,258.6064,7.7457,
18.6250,473.25,154.00,259.6058,7.4958,
18.6889,473.75,153.75,260.1055,7.7457,
18.7695,474.25,154.00,260.6053,7.4958,
18.8331,474.00,154.00,260.3554,7.4958,
18.8970,473.75,153.75,260.1055,7.7457,
18.9610,472.25,154.00,258.6064,7.4958,
19.0250,469.75,154.00,256.1078,7.4958,
19.0890,467.00,154.25,253.3593,7.2460,
19.1694,464.75,154.25,251.1105,7.2460,
19.2330,461.75,154.25,248.1122,7.2460,
19.2968,459.50,154.50,245.8634,6.9961,
19.3614,456.75,154.50,243.1150,6.9961,
19.4250,453.75,154.75,240.1166,6.7463,
19.4890,451.75,154.50,238.1178,6.9961,
19.5690,449.00,155.00,235.3693,6.4964,
19.6331,446.50,155.00,232.8707,6.4964,
19.6972,444.00,155.00,230.3721,6.4964,
19.7610,441.25,155.00,227.6236,6.4964,
19.8250,439.00,155.00,225.3748,6.4964,
19.8890,436.25,155.50,222.6264,5.9967,
19.9690,433.75,155.25,220.1277,6.2465,
20.0331,431.00,155.50,217.3793,5.9967,
20.0969,428.50,155.75,214.8807,5.7468,
20.1609,425.75,155.75,212.1322,5.7468,
20.2251,423.25,155.75,209.6336,5.7468,
20.2891,421.00,156.00,207.3848,5.4969,
20.3691,418.00,156.00,204.3865,5.4969,
20.4331,416.00,156.25,202.3876,5.2471,
20.4972,413.00,156.00,199.3893,5.4969,
20.5611,410.75,156.50,197.1405,4.9972,
20.6251,408.25,156.50,194.6419,4.9972,
20.6891,405.50,156.50,191.8934,4.9972,
20.7688,402.75,156.75,189.1449,4.7474,
20.8330,400.50,156.50,186.8962,4.9972,
20.8974,398.00,157.00,184.3976,4.4975,
20.9610,395.00,156.75,181.3992,4.7474,
21.0251,392.50,157.25,178.9006,4.2476,
21.0891,390.00,157.00,176.4020,4.4975,
21.1689,387.50,157.00,173.9034,4.4975,
21.2331,385.00,157.00,171.4048,4.4975,
21.2968,382.50,157.25,168.9062,4.2476,
21.3617,379.75,157.50,166.1577,3.9978,
21.4250,377.25,157.75,163.6591,3.7479,
21.4890,374.75,157.50,161.1605,3.9978,
21.5696,372.00,157.75,158.4120,3.7479,
21.6333,369.25,157.50,155.6635,3.9978,
21.6978,367.00,157.75,153.4148,3.7479,
21.7608,364.50,158.00,150.9162,3.4981,
21.8251,361.50,158.25,147.9178,3.2482,
21.8890,359.50,158.00,145.9190,3.4981,
21.9693,356.50,158.25,142.9206,3.2482,
22.0331,354.50,158.00,140.9217,3.4981,
22.0972,351.50,158.25,137.9234,3.2482,
22.1610,349.25,158.50,135.6747,2.9983,
22.2251,346.75,158.50,133.1760,2.9983,
22.2893,343.75,159.00,130.1777,2.4986,
22.3690,341.50,158.75,127.9289,2.7485,
22.4331,338.75,159.00,125.1805,2.4986,
22.4971,336.50,159.00,122.9317,2.4986,
22.5611,333.75,159.00,120.1833,2.4986,
22.6251,331.50,159.00,117.9345,2.4986,
22.6890,328.75,159.00,115.1860,2.4986,
22.7691,326.25,159.00,112.6874,2.4986,
22.8338,323.50,159.25,109.9389,2.2488,
22.8971,321.25,159.50,107.6902,1.9989,
22.9610,318.50,159.50,104.9417,1.9989,
23.0254,315.50,159.75,101.9434,1.7490,
23.0891,313.75,160.00,100.1944,1.4992,
23.1691,310.75,160.00,97.1960,1.4992,
23.2331,308.50,160.25,94.9473,1.2493,
23.2971,305.75,160.00,92.1988,1.4992,
23.3612,303.00,160.25,89.4503,1.2493,
23.4251,300.75,160.00,87.2016,1.4992,
23.4893,298.00,160.25,84.4531,1.2493,
23.5688,295.75,160.00,82.2043,1.4992,
23.6334,293.00,160.25,79.4559,1.2493,
23.6973,290.75,160.25,77.2071,1.2493,
23.7616,288.00,160.50,74.4586,0.9994,
23.8251,285.50,161.00,71.9600,0.4997,
23.8892,282.75,161.00,69.2116,0.4997,
23.9692,280.50,161.00,66.9628,0.4997,
24.0332,277.75,161.00,64.2143,0.4997,
24.0972,275.00,161.00,61.4659,0.4997,
24.1612,272.75,161.00,59.2171,0.4997,
24.2252,270.00,161.00,56.4686,0.4997,
24.2892,267.50,161.25,53.9700,0.2499,
24.3692,265.00,161.25,51.4714,0.2499,
24.4330,262.50,161.50,48.9728,-0.0000,
24.4971,260.00,161.50,46.4742,-0.0000,
24.5613,257.50,162.00,43.9756,-0.4997,
24.6251,255.00,161.75,41.4770,-0.2499,
24.6894,252.25,162.00,38.7285,-0.4997,
24.7692,249.75,162.00,36.2299,-0.4997,
24.8333,247.25,162.00,33.7313,-0.4997,
24.8972,244.50,162.25,30.9828,-0.7496,
24.9614,242.25,162.00,28.7340,-0.4997,
25.0252,239.25,162.25,25.7357,-0.7496,
25.0891,237.25,162.00,23.7368,-0.4997,
25.1698,234.50,162.75,20.9883,-1.2493,
25.2336,232.00,162.50,18.4897,-0.9994,
25.2974,229.75,163.00,16.2410,-1.4992,
25.3611,227.00,162.75,13.4925,-1.2493,
25.4251,224.25,163.00,10.7440,-1.4992,
25.4892,222.00,163.00,8.4953,-1.4992,
25.5691,219.25,163.00,5.7468,-1.4992,
25.6336,216.75,163.00,3.2482,-1.4992,
25.6972,214.25,163.00,0.7496,-1.4992,
25.7609,211.50,162.75,-1.9989,-1.2493,
25.8249,209.00,163.25,-4.4975,-1.7490,
25.8893,206.25,163.25,-7.2460,-1.7490,
25.9691,203.75,163.25,-9.7446,-1.7490,
26.0331,201.25,163.75,-12.2432,-2.2488,
26.0976,199.00,163.75,-14.4920,-2.2488,
26.1613,196.25,164.00,-17.2404,-2.4986,
26.2257,194.00,164.00,-19.4892,-2.4986,
26.2892,191.25,164.00,-22.2376,-2.4986,
26.3692,189.00,164.00,-24.4864,-2.4986,
26.4338,186.00,164.25,-27.4847,-2.7485,
26.4971,183.75,164.00,-29.7335,-2.4986,
26.5612,181.00,164.25,-32.4820,-2.7485,
26.6252,178.50,164.00,-34.9806,-2.4986,
26.6892,175.75,164.25,-37.7290,-2.7485,
26.7692,173.75,164.50,-39.7279,-2.9983,
26.8333,170.75,164.50,-42.7263,-2.9983,
26.8972,168.75,164.75,-44.7252,-3.2482,
26.9611,167.50,165.00,-45.9745,-3.4981,
27.0250,167.50,164.75,-45.9745,-3.2482,
27.0891,167.75,165.00,-45.7246,-3.4981,
27.1692,168.25,165.00,-45.2249,-3.4981,
27.2333,169.00,164.75,-44.4753,-3.2482,
27.2974,169.50,164.50,-43.9756,-2.9983,
27.3615,169.75,164.75,-43.7257,-3.2482,
27.4257,170.25,164.50,-43.2260,-2.9983,
27.4892,171.25,164.50,-42.2265,-2.9983,
27.5691,171.25,164.75,-42.2265,-3.2482,
27.6334,172.00,164.50,-41.4770,-2.9983,
27.6974,172.50,165.00,-40.9772,-3.4981,
27.7618,173.25,164.75,-40.2277,-3.2482,
27.8252,174.00,165.00,-39.4781,-3.4981,
27.8892,174.00,165.00,-39.4781,-3.4981,
27.9692,174.75,164.75,-38.7285,-3.2482,
28.0332,175.50,165.00,-37.9789,-3.4981,
28.0972,176.00,164.75,-37.4792,-3.2482,
28.1612,176.00,164.50,-37.4792,-2.9983,
28.2257,176.25,165.00,-37.2293,-3.4981,
28.2892,177.25,164.50,-36.2299,-2.9983,
28.3693,177.25,164.75,-36.2299,-3.2482,
28.4335,178.25,165.00,-35.2304,-3.4981,
28.4971,178.75,165.00,-34.7307,-3.4981,
28.5620,179.00,165.00,-34.4809,-3.4981,
28.6253,179.75,165.00,-33.7313,-3.4981,
28.6893,180.00,165.00,-33.4814,-3.4981,
28.7692,180.75,165.00,-32.7318,-3.4981,
28.8332,180.75,165.25,-32.7318,-3.7479,
28.8972,181.75,164.75,-31.7324,-3.2482,
28.9613,182.00,165.00,-31.4825,-3.4981,
29.0253,182.25,165.25,-31.2327,-3.7479,
29.0892,183.00,164.75,-30.4831,-3.2482,
29.1695,183.50,165.00,-29.9833,-3.4981,
29.2332,183.75,165.25,-29.7335,-3.7479,
29.2976,184.25,165.00,-29.2338,-3.4981,
29.3613,184.75,165.00,-28.7340,-3.4981,
29.4257,185.25,164.75,-28.2343,-3.2482,
29.4893,185.50,165.00,-27.9845,-3.4981,
29.5691,186.00,165.00,-27.4847,-3.4981,
29.6331,186.25,165.00,-27.2349,-3.4981,
29.6972,186.75,165.25,-26.7352,-3.7479,
29.7612,187.25,165.00,-26.2354,-3.4981,
29.8250,187.75,165.00,-25.7357,-3.4981,
29.8892,188.50,165.25,-24.9861,-3.7479,
29.9692,188.50,165.50,-24.9861,-3.9978,
30.0333,189.50,165.25,-23.9867,-3.7479,
30.0973,189.50,165.50,-23.9867,-3.9978,
30.1611,190.00,165.50,-23.4870,-3.9978,
30.2259,190.00,165.00,-23.4870,-3.4981,
30.2893,190.75,165.00,-22.7374,-3.4981,
30.3700,190.75,165.25,-22.7374,-3.7479,
30.4333,191.50,165.00,-21.9878,-3.4981,
30.4975,191.75,165.00,-21.7379,-3.4981,
30.5616,192.00,165.25,-21.4881,-3.7479,
30.6254,192.50,165.00,-20.9883,-3.4981,
30.6897,192.75,165.25,-20.7385,-3.7479,
30.7693,193.00,165.00,-20.4886,-3.4981,
30.8337,193.50,165.00,-19.9889,-3.4981,
30.8975,194.25,165.50,-19.2393,-3.9978,
30.9618,194.50,165.50,-18.9895,-3.9978,
31.0253,195.00,165.25,-18.4897,-3.7479,
31.0893,195.50,165.50,-17.9900,-3.9978,
31.1693,195.75,165.50,-17.7401,-3.9978,
31.2333,196.00,165.50,-17.4903,-3.9978,
31.2976,196.00,165.25,-17.4903,-3.7479,
31.3617,196.75,165.25,-16.7407,-3.7479,
31.4255,196.75,165.25,-16.7407,-3.7479,
31.4894,197.50,165.00,-15.9911,-3.4981,
31.5693,197.50,165.00,-15.9911,-3.4981,
31.6337,198.00,165.00,-15.4914,-3.4981,
31.6972,198.50,165.00,-14.9917,-3.4981,
31.7614,198.50,165.25,-14.9917,-3.7479,
31.8253,199.00,165.00,-14.4920,-3.4981,
31.8897,199.25,165.50,-14.2421,-3.9978,
31.9693,200.00,165.25,-13.4925,-3.7479,
32.0335,200.25,165.50,-13.2426,-3.9978,
32.0975,200.50,165.50,-12.9928,-3.9978,
32.1613,200.75,165.50,-12.7429,-3.9978,
32.2252,201.25,165.50,-12.2432,-3.9978,
32.2894,201.50,165.75,-11.9933,-4.2476,
32.3694,201.75,165.50,-11.7435,-3.9978,
32.4336,202.50,165.25,-10.9939,-3.7479,
32.4973,202.75,165.50,-10.7440,-3.9978,
32.5612,203.00,165.50,-10.4942,-3.9978,
32.6254,203.00,165.75,-10.4942,-4.2476,
32.6892,203.50,165.25,-9.9944,-3.7479,
32.7693,203.75,165.75,-9.7446,-4.2476,
32.8333,203.50,165.50,-9.9944,-3.9978,
32.8973,204.50,165.75,-8.9950,-4.2476,
32.9613,204.75,165.50,-8.7451,-3.9978,
33.0253,205.00,165.50,-8.4953,-3.9978,
33.0894,205.25,165.75,-8.2454,-4.2476,
33.1694,206.00,165.25,-7.4958,-3.7479,
33.2335,206.25,165.50,-7.2460,-3.9978,
33.2976,206.25,165.50,-7.2460,-3.9978,
33.3617,206.25,165.75,-7.2460,-4.2476,
33.4254,206.75,165.50,-6.7463,-3.9978,
33.4892,207.25,165.50,-6.2465,-3.9978,
33.5693,207.75,165.50,-5.7468,-3.9978,
33.6336,207.75,165.50,-5.7468,-3.9978,
33.6974,208.00,165.25,-5.4969,-3.7479,
33.7615,208.75,165.50,-4.7474,-3.9978,
33.8254,208.75,165.50,-4.7474,-3.9978,
33.8897,208.75,165.75,-4.7474,-4.2476,
33.9692,209.50,165.25,-3.9978,-3.7479,
34.0334,209.50,165.50,-3.9978,-3.9978,
34.0976,209.75,165.75,-3.7479,-4.2476,
34.1617,210.00,165.50,-3.4981,-3.9978,
34.2255,210.25,165.75,-3.2482,-4.2476,
34.2893,210.75,165.50,-2.7485,-3.9978,
34.3695,211.00,165.50,-2.4986,-3.9978,
34.4334,211.25,165.75,-2.2488,-4.2476,
34.4975,211.25,165.75,-2.2488,-4.2476,
34.5617,212.00,165.50,-1.4992,-3.9978,
34.6253,212.25,165.50,-1.2493,-3.9978,
34.6896,212.25,165.50,-1.2493,-3.9978,
34.7692,212.50,165.75,-0.9994,-4.2476,
34.8336,212.75,165.75,-0.7496,-4.2476,
34.8975,213.25,165.50,-0.2499,-3.9978,
34.9615,213.25,165.75,-0.2499,-4.2476,
35.0257,213.50,165.50,0.0000,-3.9978,
35.0895,213.75,165.50,0.2499,-3.9978,
35.1694,213.75,165.50,0.2499,-3.9978,
35.2334,213.75,165.50,0.2499,-3.9978,
35.2975,213.75,165.50,0.2499,-3.9978,
35.3612,213.75,165.25,0.2499,-3.7479,
35.4255,213.75,164.50,0.2499,-2.9983,
35.4893,213.75,163.50,0.2499,-1.9989,
35.5693,213.75,162.50,0.2499,-0.9994,
35.6335,213.75,161.50,0.2499,-0.0000,
35.6975,213.50,160.00,0.0000,1.4992,
35.7615,213.25,159.50,-0.2499,1.9989,
35.8254,213.25,159.50,-0.2499,1.9989,
35.8895,213.25,159.50,-0.2499,1.9989,
35.9695,213.25,159.50,-0.2499,1.9989,
36.0336,213.50,159.50,0.0000,1.9989,
36.0976,213.25,159.75,-0.2499,1.7490,
36.1617,213.25,159.75,-0.2499,1.7490,
36.2256,213.25,159.50,-0.2499,1.9989,
36.2897,213.25,159.75,-0.2499,1.7490,
36.3695,213.25,159.75,-0.2499,1.7490,
36.4332,213.25,159.75,-0.2499,1.7490,
36.4975,213.25,159.75,-0.2499,1.7490,
36.5617,213.25,159.50,-0.2499,1.9989,
36.6261,213.25,159.75,-0.2499,1.7490,
36.6895,213.25,159.50,-0.2499,1.9989,
36.7695,213.25,159.50,-0.2499,1.9989,
36.8335,213.25,159.75,-0.2499,1.7490,
36.8978,213.25,159.50,-0.2499,1.9989,
36.9619,213.25,159.50,-0.2499,1.9989,
37.0255,213.25,159.50,-0.2499,1.9989,
37.0895,213.25,159.75,-0.2499,1.7490,
37.1695,213.25,159.50,-0.2499,1.9989,
37.2337,213.25,159.50,-0.2499,1.9989,
37.2975,213.25,159.75,-0.2499,1.7490,
37.3615,213.25,159.50,-0.2499,1.9989,
37.4257,213.25,159.50,-0.2499,1.9989,
37.4895,213.25,159.75,-0.2499,1.7490,
37.5695,213.25,159.50,-0.2499,1.9989,
37.6337,213.25,159.50,-0.2499,1.9989,
37.6975,213.25,159.50,-0.2499,1.9989,
37.7615,213.25,159.75,-0.2499,1.7490,
37.8257,213.25,159.75,-0.2499,1.7490,
37.8895,213.25,159.50,-0.2499,1.9989,
37.9694,213.25,159.75,-0.2499,1.7490,
38.0333,213.25,159.75,-0.2499,1.7490,
38.0976,213.25,159.50,-0.2499,1.9989,
38.1617,213.25,159.75,-0.2499,1.7490,
38.2255,213.25,159.50,-0.2499,1.9989,
38.2896,213.25,159.75,-0.2499,1.7490,
38.3695,213.25,159.50,-0.2499,1.9989,
38.4335,213.25,159.50,-0.2499,1.9989,
38.4977,213.25,159.75,-0.2499,1.7490,
38.5616,213.25,159.75,-0.2499,1.7490,
38.6264,213.25,159.50,-0.2499,1.9989,
38.6896,213.25,159.50,-0.2499,1.9989,
38.7695,213.25,159.75,-0.2499,1.7490,
38.8335,213.25,159.75,-0.2499,1.7490,
38.8972,213.25,159.50,-0.2499,1.9989,
38.9622,213.25,159.75,-0.2499,1.7490,
39.0255,213.25,159.50,-0.2499,1.9989,
39.0897,213.25,159.75,-0.2499,1.7490,
39.1696,213.25,159.75,-0.2499,1.7490,
39.2337,213.25,159.50,-0.2499,1.9989,
39.2976,213.25,159.75,-0.2499,1.7490,
39.3613,213.25,159.50,-0.2499,1.9989,
39.4261,213.25,159.50,-0.2499,1.9989,
39.4893,213.25,159.75,-0.2499,1.7490,
39.5695,213.25,159.50,-0.2499,1.9989,
39.6335,213.25,159.50,-0.2499,1.9989,
39.6977,213.25,159.75,-0.2499,1.7490,
39.7618,213.25,159.50,-0.2499,1.9989,
39.8256,213.25,159.75,-0.2499,1.7490,
39.8897,213.25,159.50,-0.2499,1.9989,
39.9695,213.25,159.75,-0.2499,1.7490,
40.0338,213.25,159.50,-0.2499,1.9989,
40.0985,213.25,159.50,-0.2499,1.9989,
40.1615,213.25,159.75,-0.2499,1.7490,
40.2255,213.25,159.50,-0.2499,1.9989,
40.2898,213.25,159.75,-0.2499,1.7490,
40.3696,213.25,159.50,-0.2499,1.9989,
40.4340,213.25,159.50,-0.2499,1.9989,
40.4982,213.25,159.50,-0.2499,1.9989,
40.5617,213.25,159.50,-0.2499,1.9989,
40.6256,213.25,159.75,-0.2499,1.7490,
40.6897,213.25,159.50,-0.2499,1.9989,
40.7706,213.25,159.50,-0.2499,1.9989,
40.8338,213.25,159.50,-0.2499,1.9989,
40.8976,213.25,159.50,-0.2499,1.9989,
40.9623,213.25,159.75,-0.2499,1.7490,
41.0256,213.25,159.50,-0.2499,1.9989,
41.0897,213.25,159.50,-0.2499,1.9989,
41.1696,213.25,159.50,-0.2499,1.9989,
41.2336,213.25,159.50,-0.2499,1.9989,
41.2978,213.25,159.75,-0.2499,1.7490,
41.3618,213.25,159.50,-0.2499,1.9989,
41.4258,213.25,159.75,-0.2499,1.7490,
41.4896,213.25,159.50,-0.2499,1.9989,
41.5697,213.25,159.50,-0.2499,1.9989,
41.6337,213.25,159.75,-0.2499,1.7490,
41.6976,213.25,159.50,-0.2499,1.9989,
41.7622,213.25,159.75,-0.2499,1.7490,
41.8258,213.25,159.75,-0.2499,1.7490,
41.8897,213.25,159.50,-0.2499,1.9989,
42.0338,213.25,159.50,-0.2499,1.9989,
42.0975,213.25,159.75,-0.2499,1.7490,
42.1616,213.25,159.75,-0.2499,1.7490,
42.2257,213.25,159.50,-0.2499,1.9989,
42.2899,213.25,159.50,-0.2499,1.9989,
42.3697,213.25,159.75,-0.2499,1.7490,
42.4337,213.25,159.75,-0.2499,1.7490,
42.4977,213.25,159.50,-0.2499,1.9989,
42.5616,213.25,159.50,-0.2499,1.9989,
42.6257,213.25,159.75,-0.2499,1.7490,
42.6896,213.25,159.50,-0.2499,1.9989,
42.7697,213.25,159.50,-0.2499,1.9989,
42.8337,213.75,160.00,0.2499,1.4992,
42.8976,213.25,159.75,-0.2499,1.7490,
42.9614,213.25,159.50,-0.2499,1.9989,
43.0256,213.25,159.50,-0.2499,1.9989,
43.1696,213.25,159.75,-0.2499,1.7490,
43.2337,213.25,159.75,-0.2499,1.7490,
43.2977,213.25,159.75,-0.2499,1.7490,
43.3627,213.25,159.75,-0.2499,1.7490,
43.4257,213.25,159.50,-0.2499,1.9989,
43.4898,213.25,159.50,-0.2499,1.9989,
43.5697,213.25,159.50,-0.2499,1.9989,
43.6336,213.25,159.75,-0.2499,1.7490,
43.6977,213.25,159.50,-0.2499,1.9989,
43.7617,213.25,159.75,-0.2499,1.7490,
43.8257,213.25,159.50,-0.2499,1.9989,
43.8900,213.25,159.50,-0.2499,1.9989,
43.9697,213.25,159.50,-0.2499,1.9989,
44.0337,213.25,159.75,-0.2499,1.7490,
44.0978,213.25,159.75,-0.2499,1.7490,
44.1618,213.25,159.75,-0.2499,1.7490,
44.2257,213.25,159.50,-0.2499,1.9989,
44.2897,213.25,159.75,-0.2499,1.7490,
44.3697,213.25,159.50,-0.2499,1.9989,
44.4341,213.25,159.75,-0.2499,1.7490,
44.4977,213.25,159.75,-0.2499,1.7490,
44.5616,213.25,159.50,-0.2499,1.9989,
44.6262,213.25,159.50,-0.2499,1.9989,
44.6897,213.25,159.75,-0.2499,1.7490,
44.7697,213.25,159.50,-0.2499,1.9989,
44.8340,213.25,159.50,-0.2499,1.9989,
44.8983,213.25,159.50,-0.2499,1.9989,
44.9617,213.25,159.50,-0.2499,1.9989,
45.0257,213.25,159.50,-0.2499,1.9989,
45.0897,213.25,159.50,-0.2499,1.9989,
45.1699,213.25,159.50,-0.2499,1.9989,
45.2337,213.25,159.75,-0.2499,1.7490,
45.2977,213.25,159.75,-0.2499,1.7490,
45.3619,213.25,159.50,-0.2499,1.9989,
45.4260,213.25,159.75,-0.2499,1.7490,
45.4898,213.25,159.75,-0.2499,1.7490,
45.5697,213.25,159.75,-0.2499,1.7490,
45.6338,213.25,159.75,-0.2499,1.7490,
45.6978,213.25,159.50,-0.2499,1.9989,
45.7617,213.25,159.75,-0.2499,1.7490,
45.8258,213.25,159.75,-0.2499,1.7490,
45.8898,213.25,159.75,-0.2499,1.7490,
45.9697,213.25,159.75,-0.2499,1.7490,
46.0338,213.25,159.75,-0.2499,1.7490,
46.0978,213.25,159.75,-0.2499,1.7490,
46.1623,213.25,159.50,-0.2499,1.9989,
46.2257,213.25,159.50,-0.2499,1.9989,
46.2902,213.25,159.75,-0.2499,1.7490,
46.3698,213.25,159.75,-0.2499,1.7490,
46.4339,213.25,159.50,-0.2499,1.9989,
46.4978,213.25,159.75,-0.2499,1.7490,
46.5619,213.25,159.75,-0.2499,1.7490,
46.6258,213.25,159.75,-0.2499,1.7490,
46.6897,213.25,159.50,-0.2499,1.9989,
46.7699,213.25,159.50,-0.2499,1.9989,
46.8339,213.25,159.75,-0.2499,1.7490,
46.8975,213.25,159.75,-0.2499,1.7490,
46.9617,213.25,159.50,-0.2499,1.9989,
47.0258,213.25,159.75,-0.2499,1.7490,
47.0898,213.25,159.75,-0.2499,1.7490,
47.1698,213.25,159.75,-0.2499,1.7490,
47.2338,213.25,159.50,-0.2499,1.9989,
47.2979,213.25,159.75,-0.2499,1.7490,
47.3619,213.25,159.75,-0.2499,1.7490,
47.4260,213.25,159.75,-0.2499,1.7490,
47.4899,213.25,159.75,-0.2499,1.7490,
47.5698,213.25,159.75,-0.2499,1.7490,
47.6337,213.25,159.75,-0.2499,1.7490,
47.6979,213.25,159.75,-0.2499,1.7490,
47.7618,213.25,159.75,-0.2499,1.7490,
47.8259,213.25,159.75,-0.2499,1.7490,
47.8898,213.25,159.75,-0.2499,1.7490,
47.9698,213.25,159.50,-0.2499,1.9989,
48.0339,213.25,159.75,-0.2499,1.7490,
48.0984,213.25,159.75,-0.2499,1.7490,
48.1628,213.25,159.75,-0.2499,1.7490,
48.2257,213.25,159.75,-0.2499,1.7490,
48.2898,213.25,159.75,-0.2499,1.7490,
48.3698,213.25,159.75,-0.2499,1.7490,
48.4338,213.25,159.75,-0.2499,1.7490,
48.4978,213.25,159.75,-0.2499,1.7490,
48.5619,213.25,159.50,-0.2499,1.9989,
48.6258,213.25,159.75,-0.2499,1.7490,
48.6904,213.25,159.75,-0.2499,1.7490,
48.7695,213.25,159.75,-0.2499,1.7490,
48.8339,213.25,159.75,-0.2499,1.7490,
48.8978,213.25,159.75,-0.2499,1.7490,
48.9618,213.25,159.75,-0.2499,1.7490,
49.0261,213.25,159.50,-0.2499,1.9989,
49.0898,213.25,159.50,-0.2499,1.9989,
49.1699,213.25,159.50,-0.2499,1.9989,
49.2340,213.25,159.75,-0.2499,1.7490,
49.2976,213.25,159.50,-0.2499,1.9989,
49.3617,213.25,159.50,-0.2499,1.9989,
49.4258,213.25,159.50,-0.2499,1.9989,
49.4901,213.25,159.50,-0.2499,1.9989,
49.5698,213.25,159.50,-0.2499,1.9989,
49.6338,213.25,159.50,-0.2499,1.9989,
49.6979,213.25,159.50,-0.2499,1.9989,
49.7620,213.25,159.75,-0.2499,1.7490,
49.8265,213.25,159.75,-0.2499,1.7490,
49.8899,213.25,159.75,-0.2499,1.7490,
49.9698,213.25,159.50,-0.2499,1.9989,
50.0339,213.25,159.50,-0.2499,1.9989,
50.1620,213.25,159.75,-0.2499,1.7490,
50.2259,213.25,159.75,-0.2499,1.7490,
50.2899,213.25,159.50,-0.2499,1.9989,
50.3699,213.25,159.50,-0.2499,1.9989,
50.4339,213.25,159.75,-0.2499,1.7490,
50.4979,213.25,159.50,-0.2499,1.9989,
50.5621,213.25,159.50,-0.2499,1.9989,
50.6259,213.25,159.75,-0.2499,1.7490,
50.6899,213.25,159.75,-0.2499,1.7490,
50.7699,213.25,159.75,-0.2499,1.7490,
50.8338,213.25,159.75,-0.2499,1.7490,
50.8982,213.25,159.75,-0.2499,1.7490,
50.9618,213.25,159.50,-0.2499,1.9989,
51.0260,213.25,159.50,-0.2499,1.9989,
51.0901,213.25,159.50,-0.2499,1.9989,
51.1696,213.25,159.75,-0.2499,1.7490,
51.2343,213.25,159.75,-0.2499,1.7490,
51.2980,213.25,159.75,-0.2499,1.7490,
51.3625,213.25,159.50,-0.2499,1.9989,
51.4259,213.25,159.75,-0.2499,1.7490,
51.4912,213.25,159.75,-0.2499,1.7490,
51.5699,213.25,159.75,-0.2499,1.7490,
51.6341,213.25,159.50,-0.2499,1.9989,
51.6979,213.25,159.50,-0.2499,1.9989,
51.7624,213.25,159.75,-0.2499,1.7490,
51.8259,213.25,159.50,-0.2499,1.9989,
51.8899,213.25,159.50,-0.2499,1.9989,
51.9699,213.25,159.50,-0.2499,1.9989,
52.0338,213.25,159.50,-0.2499,1.9989,
52.0983,213.25,159.50,-0.2499,1.9989,
52.1620,213.25,159.50,-0.2499,1.9989,
52.2260,213.25,159.75,-0.2499,1.7490,
52.2899,213.25,159.50,-0.2499,1.9989,
52.3696,213.75,160.00,0.2499,1.4992,
52.4342,213.25,159.75,-0.2499,1.7490,
52.4979,213.25,159.75,-0.2499,1.7490,
52.5619,213.25,159.50,-0.2499,1.9989,
52.6261,213.25,159.50,-0.2499,1.9989,
52.6899,213.25,159.75,-0.2499,1.7490,
52.7700,213.25,159.50,-0.2499,1.9989,
52.8340,213.25,159.75,-0.2499,1.7490,
52.8977,213.25,159.75,-0.2499,1.7490,
52.9619,213.25,159.75,-0.2499,1.7490,
53.0270,213.25,159.75,-0.2499,1.7490,
53.0900,213.25,159.50,-0.2499,1.9989,
53.2340,213.25,159.75,-0.2499,1.7490,
53.2980,213.25,159.50,-0.2499,1.9989,
53.3619,213.25,159.50,-0.2499,1.9989,
53.4259,213.25,159.75,-0.2499,1.7490,
53.4899,213.25,159.75,-0.2499,1.7490,
53.5699,213.25,159.75,-0.2499,1.7490,
53.6340,213.25,159.75,-0.2499,1.7490,
53.6980,213.25,159.75,-0.2499,1.7490,
53.7621,213.25,159.50,-0.2499,1.9989,
53.8261,213.25,159.75,-0.2499,1.7490,
53.8901,213.25,159.75,-0.2499,1.7490,
53.9700,213.25,159.50,-0.2499,1.9989,
54.0340,213.25,159.50,-0.2499,1.9989,
54.0980,213.25,159.50,-0.2499,1.9989,
54.1620,213.25,159.75,-0.2499,1.7490,
54.2262,213.25,159.50,-0.2499,1.9989,
54.2905,213.25,159.75,-0.2499,1.7490,
54.3699,213.25,159.75,-0.2499,1.7490,
54.4340,213.25,159.75,-0.2499,1.7490,
54.4979,213.25,159.50,-0.2499,1.9989,
54.5623,213.25,159.75,-0.2499,1.7490,
54.6262,213.25,159.75,-0.2499,1.7490,
54.6901,213.25,159.50,-0.2499,1.9989,
54.7700,213.25,159.50,-0.2499,1.9989,
54.8982,213.25,159.50,-0.2499,1.9989,
54.9619,213.25,159.75,-0.2499,1.7490,
55.0265,213.25,159.75,-0.2499,1.7490,
55.0900,213.25,159.50,-0.2499,1.9989,
55.1701,213.25,159.75,-0.2499,1.7490,
55.2339,213.25,159.50,-0.2499,1.9989,
55.2979,213.25,159.50,-0.2499,1.9989,
55.3621,213.25,159.50,-0.2499,1.9989,
55.4259,213.25,159.50,-0.2499,1.9989,
55.4907,213.25,159.75,-0.2499,1.7490,
55.5699,213.25,159.50,-0.2499,1.9989,
55.6341,213.25,159.75,-0.2499,1.7490,
55.6980,213.25,159.50,-0.2499,1.9989,
55.7619,213.25,159.50,-0.2499,1.9989,
55.8262,213.25,159.50,-0.2499,1.9989,
55.8898,213.25,159.50,-0.2499,1.9989,
55.9700,213.25,159.75,-0.2499,1.7490,
56.0340,213.25,159.50,-0.2499,1.9989,
56.0980,213.25,159.50,-0.2499,1.9989,
56.1621,213.25,159.75,-0.2499,1.7490,
56.2263,213.25,159.75,-0.2499,1.7490,
56.2900,213.25,159.75,-0.2499,1.7490,
56.3698,213.25,159.50,-0.2499,1.9989,
56.4341,213.25,159.50,-0.2499,1.9989,
56.4980,213.25,159.50,-0.2499,1.9989,
56.5625,213.25,159.75,-0.2499,1.7490,
56.6257,213.25,159.75,-0.2499,1.7490,
56.6904,213.25,159.75,-0.2499,1.7490,
56.7700,213.25,159.50,-0.2499,1.9989,
56.8340,213.25,159.50,-0.2499,1.9989,
56.8981,213.25,159.50,-0.2499,1.9989,
56.9620,213.25,159.75,-0.2499,1.7490,
57.0266,213.25,159.75,-0.2499,1.7490,
57.0900,213.25,159.50,-0.2499,1.9989,
57.1700,213.25,159.50,-0.2499,1.9989,
57.2340,213.25,159.75,-0.2499,1.7490,
57.2981,213.25,159.50,-0.2499,1.9989,
57.3621,213.25,159.75,-0.2499,1.7490,
57.4262,213.25,159.50,-0.2499,1.9989,
57.4899,213.25,159.50,-0.2499,1.9989,
57.5700,213.25,159.50,-0.2499,1.9989,
57.6338,213.25,159.75,-0.2499,1.7490,
57.6980,213.25,159.75,-0.2499,1.7490,
57.7624,213.25,159.50,-0.2499,1.9989,
57.8901,213.25,159.50,-0.2499,1.9989,
57.9701,213.25,159.75,-0.2499,1.7490,
58.0342,213.25,159.75,-0.2499,1.7490,
58.0981,213.25,159.75,-0.2499,1.7490,
58.1620,213.25,159.50,-0.2499,1.9989,
58.2261,213.25,159.75,-0.2499,1.7490,
58.2901,213.25,159.50,-0.2499,1.9989,
58.3700,213.25,159.75,-0.2499,1.7490,
58.4359,213.25,159.50,-0.2499,1.9989,
58.4986,213.25,159.50,-0.2499,1.9989,
58.5621,213.25,159.75,-0.2499,1.7490,
58.6258,213.25,159.50,-0.2499,1.9989,
58.6907,213.25,159.75,-0.2499,1.7490,
58.7699,213.25,159.50,-0.2499,1.9989,
58.8341,213.25,159.75,-0.2499,1.7490,
58.8980,213.25,159.50,-0.2499,1.9989,
58.9627,213.25,159.50,-0.2499,1.9989,
59.0263,213.25,159.75,-0.2499,1.7490,
59.0901,213.25,159.75,-0.2499,1.7490,
59.1701,213.25,159.50,-0.2499,1.9989,
59.2343,213.25,159.75,-0.2499,1.7490,
59.2981,213.25,159.50,-0.2499,1.9989,
59.3621,213.25,159.75,-0.2499,1.7490,
59.4263,213.25,159.75,-0.2499,1.7490,
59.4912,213.25,159.75,-0.2499,1.7490,
59.5701,213.25,159.75,-0.2499,1.7490,
59.6341,213.25,159.75,-0.2499,1.7490,
59.6982,213.25,159.75,-0.2499,1.7490,
59.7622,213.25,159.75,-0.2499,1.7490,
59.8261,213.25,159.50,-0.2499,1.9989,
59.8902,213.25,159.50,-0.2499,1.9989,
59.9701,213.25,159.50,-0.2499,1.9989,
60.0342,213.25,159.75,-0.2499,1.7490,
60.0981,213.25,159.50,-0.2499,1.9989,
60.1621,213.25,159.50,-0.2499,1.9989,
60.2262,213.25,159.50,-0.2499,1.9989,
60.2902,213.25,159.75,-0.2499,1.7490,
60.3701,213.25,159.75,-0.2499,1.7490,
60.4341,213.25,159.50,-0.2499,1.9989,
60.4993,213.25,159.50,-0.2499,1.9989,
60.5623,213.25,159.75,-0.2499,1.7490,
60.6260,213.25,159.75,-0.2499,1.7490,
60.6901,213.25,159.50,-0.2499,1.9989,
60.7700,213.25,159.50,-0.2499,1.9989,
60.8341,213.25,159.75,-0.2499,1.7490,
60.8983,213.25,159.75,-0.2499,1.7490,
60.9623,213.25,159.50,-0.2499,1.9989,
61.0262,213.25,159.50,-0.2499,1.9989,
61.0903,213.25,159.75,-0.2499,1.7490,
61.1702,213.25,159.50,-0.2499,1.9989,
61.2343,213.25,159.75,-0.2499,1.7490,
61.2982,213.25,159.75,-0.2499,1.7490,
61.3622,213.25,159.50,-0.2499,1.9989,
61.4261,213.25,159.50,-0.2499,1.9989,
61.4902,213.25,159.50,-0.2499,1.9989,
61.5699,213.25,159.50,-0.2499,1.9989,
61.6341,213.25,159.50,-0.2499,1.9989,
61.6981,213.25,159.50,-0.2499,1.9989,
61.7622,213.25,159.75,-0.2499,1.7490,
61.8262,213.25,159.50,-0.2499,1.9989,
61.8900,213.25,159.50,-0.2499,1.9989,
61.9700,213.25,159.75,-0.2499,1.7490,
62.0342,213.25,159.50,-0.2499,1.9989,
62.0984,213.25,159.75,-0.2499,1.7490,
62.1623,213.25,159.50,-0.2499,1.9989,
62.2262,213.25,159.50,-0.2499,1.9989,
62.3707,213.25,159.75,-0.2499,1.7490,
62.4342,213.25,159.75,-0.2499,1.7490,
62.4987,213.25,159.50,-0.2499,1.9989,
62.5622,213.25,159.50,-0.2499,1.9989,
62.6904,213.25,159.75,-0.2499,1.7490,
62.7702,213.25,159.50,-0.2499,1.9989,
62.8342,213.25,159.50,-0.2499,1.9989,
62.8985,213.25,159.50,-0.2499,1.9989,
62.9623,213.25,159.50,-0.2499,1.9989,
63.0265,213.25,159.75,-0.2499,1.7490,
63.0902,213.25,159.50,-0.2499,1.9989,
63.1701,213.25,159.50,-0.2499,1.9989,
63.2341,213.25,159.50,-0.2499,1.9989,
63.2983,213.25,159.75,-0.2499,1.7490,
63.3622,213.25,159.75,-0.2499,1.7490,
63.4264,213.25,159.75,-0.2499,1.7490,
63.4902,213.25,159.75,-0.2499,1.7490,
63.5703,213.25,159.75,-0.2499,1.7490,
63.6343,213.25,159.50,-0.2499,1.9989,
63.6983,213.25,159.75,-0.2499,1.7490,
63.7625,213.25,159.75,-0.2499,1.7490,
63.8262,213.25,159.75,-0.2499,1.7490,
63.8904,213.25,159.75,-0.2499,1.7490,
63.9703,213.25,159.75,-0.2499,1.7490,
64.0343,213.25,159.50,-0.2499,1.9989,
64.0982,213.25,159.50,-0.2499,1.9989,
64.1623,213.25,159.50,-0.2499,1.9989,
64.2263,213.25,159.75,-0.2499,1.7490,
64.2900,213.25,159.50,-0.2499,1.9989,
64.3703,213.25,159.75,-0.2499,1.7490,
64.4343,213.25,159.50,-0.2499,1.9989,
64.4983,213.25,159.50,-0.2499,1.9989,
64.5625,213.25,159.75,-0.2499,1.7490,
64.6262,213.25,159.50,-0.2499,1.9989,
64.6906,213.25,159.50,-0.2499,1.9989,
64.7701,213.25,159.50,-0.2499,1.9989,
64.8344,213.25,159.75,-0.2499,1.7490,
64.8983,213.25,159.50,-0.2499,1.9989,
64.9625,213.25,159.50,-0.2499,1.9989,
65.0267,213.25,159.50,-0.2499,1.9989,
65.0903,213.25,159.75,-0.2499,1.7490,
65.1703,213.25,159.50,-0.2499,1.9989,
65.2347,213.25,159.50,-0.2499,1.9989,
65.2984,213.25,159.50,-0.2499,1.9989,
65.3619,213.25,159.75,-0.2499,1.7490,
65.4263,213.25,159.50,-0.2499,1.9989,
65.5703,213.25,159.50,-0.2499,1.9989,
65.6344,213.25,159.50,-0.2499,1.9989,
65.6992,213.25,159.75,-0.2499,1.7490,
65.7621,213.25,159.75,-0.2499,1.7490,
65.8265,213.25,159.75,-0.2499,1.7490,
65.8904,213.25,159.75,-0.2499,1.7490,
65.9703,213.25,159.50,-0.2499,1.9989,
66.0343,213.25,159.75,-0.2499,1.7490,
66.0983,213.25,159.75,-0.2499,1.7490,
66.1628,213.75,160.00,0.2499,1.4992,
66.2261,213.25,159.50,-0.2499,1.9989,
66.2903,213.25,159.75,-0.2499,1.7490,
66.3703,213.25,159.50,-0.2499,1.9989,
66.4343,213.25,159.50,-0.2499,1.9989,
66.4983,213.25,159.75,-0.2499,1.7490,
66.5624,213.25,159.50,-0.2499,1.9989,
66.6273,213.25,159.50,-0.2499,1.9989,
66.6907,213.25,159.75,-0.2499,1.7490,
66.7703,213.25,159.75,-0.2499,1.7490,
66.8349,213.25,159.50,-0.2499,1.9989,
66.8983,213.25,159.50,-0.2499,1.9989,
66.9623,213.25,159.75,-0.2499,1.7490,
67.0263,213.25,159.50,-0.2499,1.9989,
67.0903,213.25,159.75,-0.2499,1.7490,
67.1704,213.25,159.75,-0.2499,1.7490,
67.2344,213.25,159.75,-0.2499,1.7490,
67.2983,213.25,159.50,-0.2499,1.9989,
67.3623,213.25,159.75,-0.2499,1.7490,
67.4263,213.25,159.50,-0.2499,1.9989,
67.4903,213.25,159.75,-0.2499,1.7490,
67.5704,213.25,159.75,-0.2499,1.7490,
67.6344,213.25,159.50,-0.2499,1.9989,
67.6983,213.25,159.50,-0.2499,1.9989,
67.7623,213.25,159.50,-0.2499,1.9989,
67.8264,213.25,159.75,-0.2499,1.7490,
67.9703,213.25,159.75,-0.2499,1.7490,
68.0344,213.25,159.75,-0.2499,1.7490,
68.0985,213.25,159.50,-0.2499,1.9989,
68.2264,213.25,159.75,-0.2499,1.7490,
68.2905,213.25,159.75,-0.2499,1.7490,
68.3704,213.25,159.75,-0.2499,1.7490,
68.4340,213.25,159.75,-0.2499,1.7490,
68.4989,213.25,159.50,-0.2499,1.9989,
68.5623,213.25,159.75,-0.2499,1.7490,
68.6265,213.25,159.50,-0.2499,1.9989,
68.6907,213.25,159.75,-0.2499,1.7490,
68.7700,213.25,159.50,-0.2499,1.9989,
68.8346,213.25,159.75,-0.2499,1.7490,
68.8982,213.25,159.75,-0.2499,1.7490,
68.9627,213.25,159.50,-0.2499,1.9989,
69.1704,213.25,159.50,-0.2499,1.9989,
69.2344,213.25,159.75,-0.2499,1.7490,
69.2992,213.25,159.50,-0.2499,1.9989,
69.3634,213.25,159.75,-0.2499,1.7490,
69.4264,213.25,159.75,-0.2499,1.7490,
69.4904,213.25,159.50,-0.2499,1.9989,
69.5705,213.25,159.75,-0.2499,1.7490,
69.6346,213.25,159.50,-0.2499,1.9989,
69.6988,213.25,159.50,-0.2499,1.9989,
69.7624,213.25,159.50,-0.2499,1.9989,
69.8265,213.25,159.75,-0.2499,1.7490,
69.9703,213.25,159.50,-0.2499,1.9989,
70.0348,213.25,159.50,-0.2499,1.9989,
70.0986,213.25,159.50,-0.2499,1.9989,
70.1633,213.25,159.50,-0.2499,1.9989,
70.2262,213.25,159.75,-0.2499,1.7490,
70.2904,213.25,159.50,-0.2499,1.9989,
70.4985,213.25,159.50,-0.2499,1.9989,
70.5624,213.25,159.50,-0.2499,1.9989,
70.6266,213.25,159.75,-0.2499,1.7490,
70.7705,213.25,159.50,-0.2499,1.9989,
70.8347,213.25,159.75,-0.2499,1.7490,
70.8985,213.75,159.75,0.2499,1.7490,
70.9629,213.25,159.50,-0.2499,1.9989,
71.0264,213.25,159.50,-0.2499,1.9989,
71.0907,213.25,159.75,-0.2499,1.7490,
71.1704,213.25,159.50,-0.2499,1.9989,
71.2347,213.25,159.75,-0.2499,1.7490,
71.2985,213.25,159.75,-0.2499,1.7490,
71.3627,213.25,159.50,-0.2499,1.9989,
71.4265,213.25,159.75,-0.2499,1.7490,
71.4906,213.25,159.50,-0.2499,1.9989,
71.5706,213.25,159.50,-0.2499,1.9989,
71.6344,213.25,159.50,-0.2499,1.9989,
71.6992,213.25,159.50,-0.2499,1.9989,
71.7624,213.25,159.50,-0.2499,1.9989,
71.8265,213.25,159.75,-0.2499,1.7490,
71.8907,213.25,159.75,-0.2499,1.7490,
71.9704,213.25,159.50,-0.2499,1.9989,
72.0345,213.25,159.50,-0.2499,1.9989,
72.0984,213.25,159.75,-0.2499,1.7490,
72.1625,213.25,159.50,-0.2499,1.9989,
72.2265,213.25,159.50,-0.2499,1.9989,
72.2908,213.25,159.75,-0.2499,1.7490,
72.3705,213.25,159.75,-0.2499,1.7490,
72.4348,213.25,159.50,-0.2499,1.9989,
72.4985,213.25,159.75,-0.2499,1.7490,
72.5624,213.25,159.50,-0.2499,1.9989,
72.6264,213.25,159.75,-0.2499,1.7490,
72.6905,213.25,159.50,-0.2499,1.9989,
72.7706,213.50,160.00,0.0000,1.4992,
72.8344,213.25,159.75,-0.2499,1.7490,
72.8985,213.25,159.75,-0.2499,1.7490,
72.9627,213.25,159.75,-0.2499,1.7490,
73.0265,213.25,159.75,-0.2499,1.7490,
73.0906,213.25,159.50,-0.2499,1.9989,
73.1704,213.25,159.75,-0.2499,1.7490,
73.2345,213.25,159.50,-0.2499,1.9989,
73.2987,213.25,159.75,-0.2499,1.7490,
73.3629,213.25,159.75,-0.2499,1.7490,
73.4265,213.25,159.75,-0.2499,1.7490,
73.4906,213.25,159.50,-0.2499,1.9989,
73.5704,213.25,159.50,-0.2499,1.9989,
73.6347,213.25,159.75,-0.2499,1.7490,
73.6984,213.25,159.50,-0.2499,1.9989,
73.8266,213.25,159.50,-0.2499,1.9989,
73.8906,213.25,159.50,-0.2499,1.9989,
73.9705,213.25,159.75,-0.2499,1.7490,
74.0346,213.25,159.50,-0.2499,1.9989,
74.0986,213.25,159.75,-0.2499,1.7490,
74.1630,213.25,159.75,-0.2499,1.7490,
74.2264,213.25,159.75,-0.2499,1.7490,
74.2911,213.25,159.50,-0.2499,1.9989,
74.3705,213.25,159.50,-0.2499,1.9989,
74.4351,213.25,159.50,-0.2499,1.9989,
74.4987,213.25,159.50,-0.2499,1.9989,
74.5632,213.25,159.75,-0.2499,1.7490,
74.6268,213.25,159.75,-0.2499,1.7490,
74.6905,213.25,159.50,-0.2499,1.9989,
74.7705,213.25,159.50,-0.2499,1.9989,
74.8345,213.25,159.75,-0.2499,1.7490,
74.8988,213.25,159.50,-0.2499,1.9989,
74.9628,213.25,159.50,-0.2499,1.9989,
75.0263,213.25,159.75,-0.2499,1.7490,
75.0905,213.25,159.50,-0.2499,1.9989,
75.1705,213.25,159.75,-0.2499,1.7490,
75.2345,213.25,159.75,-0.2499,1.7490,
75.2985,213.25,159.75,-0.2499,1.7490,
75.3626,213.25,159.50,-0.2499,1.9989,
75.4266,213.25,159.50,-0.2499,1.9989,
75.4906,213.25,159.50,-0.2499,1.9989,
75.5708,213.25,159.75,-0.2499,1.7490,
75.6344,213.25,159.75,-0.2499,1.7490,
75.6991,213.25,159.50,-0.2499,1.9989,
75.7625,213.25,159.50,-0.2499,1.9989,
75.8267,213.25,159.75,-0.2499,1.7490,
75.8906,213.25,159.75,-0.2499,1.7490,
75.9705,213.25,159.50,-0.2499,1.9989,
76.0347,213.25,159.50,-0.2499,1.9989,
76.0994,213.25,159.50,-0.2499,1.9989,
76.1626,213.25,159.50,-0.2499,1.9989,
76.2266,213.25,159.75,-0.2499,1.7490,
76.2907,213.25,159.75,-0.2499,1.7490,
76.3706,213.25,159.75,-0.2499,1.7490,
76.4346,213.25,159.75,-0.2499,1.7490,
76.4986,213.25,159.75,-0.2499,1.7490,
76.5626,213.25,159.50,-0.2499,1.9989,
76.6265,213.25,159.50,-0.2499,1.9989,
76.6905,213.25,159.75,-0.2499,1.7490,
76.7704,213.25,159.50,-0.2499,1.9989,
76.8346,213.25,159.50,-0.2499,1.9989,
76.8985,213.25,159.50,-0.2499,1.9989,
76.9628,213.25,159.75,-0.2499,1.7490,
77.0907,213.25,159.75,-0.2499,1.7490,
77.1705,213.25,159.75,-0.2499,1.7490,
77.2346,213.25,159.75,-0.2499,1.7490,
77.2986,213.50,160.00,0.0000,1.4992,
77.3626,213.25,159.50,-0.2499,1.9989,
77.4266,213.25,159.75,-0.2499,1.7490,
77.4906,213.25,159.75,-0.2499,1.7490,
77.5706,213.25,159.75,-0.2499,1.7490,
77.6345,213.25,159.75,-0.2499,1.7490,
77.6988,213.25,159.75,-0.2499,1.7490,
77.7623,213.25,159.75,-0.2499,1.7490,
77.8267,213.25,159.75,-0.2499,1.7490,
77.8906,213.25,159.50,-0.2499,1.9989,
77.9706,213.25,159.75,-0.2499,1.7490,
78.0348,213.25,159.75,-0.2499,1.7490,
78.0986,213.25,159.75,-0.2499,1.7490,
78.2263,213.25,159.50,-0.2499,1.9989,
78.2908,213.25,159.50,-0.2499,1.9989,
78.3705,213.25,159.75,-0.2499,1.7490,
78.4352,213.25,159.75,-0.2499,1.7490,
78.4988,213.25,159.75,-0.2499,1.7490,
78.5627,213.25,159.75,-0.2499,1.7490,
78.6269,213.25,159.50,-0.2499,1.9989,
78.6909,213.25,159.75,-0.2499,1.7490,
78.7707,213.25,159.75,-0.2499,1.7490,
78.8345,213.25,159.50,-0.2499,1.9989,
78.8986,213.25,159.50,-0.2499,1.9989,
78.9629,213.25,159.50,-0.2499,1.9989,
79.0272,213.25,159.75,-0.2499,1.7490,
79.0906,213.25,159.75,-0.2499,1.7490,
79.1707,213.25,159.50,-0.2499,1.9989,
79.2353,213.25,159.50,-0.2499,1.9989,
79.3634,213.25,159.75,-0.2499,1.7490,
79.4266,213.25,159.50,-0.2499,1.9989,
79.4910,213.25,159.50,-0.2499,1.9989,
79.5706,213.25,159.75,-0.2499,1.7490,
79.6346,213.25,159.75,-0.2499,1.7490,
79.6989,213.25,159.50,-0.2499,1.9989,
79.7625,213.25,159.75,-0.2499,1.7490,
79.8274,213.25,159.50,-0.2499,1.9989,
79.9707,213.25,159.50,-0.2499,1.9989,
80.0346,213.25,159.75,-0.2499,1.7490,
80.0986,213.25,159.75,-0.2499,1.7490,
80.1635,213.25,159.50,-0.2499,1.9989,
80.2267,213.75,159.75,0.2499,1.7490,
80.2907,213.25,159.75,-0.2499,1.7490,
80.3707,213.25,159.50,-0.2499,1.9989,
80.4347,213.25,159.50,-0.2499,1.9989,
80.4988,213.25,159.50,-0.2499,1.9989,
80.5629,213.25,159.50,-0.2499,1.9989,
80.6266,213.25,159.50,-0.2499,1.9989,
80.6908,213.25,159.50,-0.2499,1.9989,
80.7708,213.25,159.50,-0.2499,1.9989,
80.8348,213.75,160.00,0.2499,1.4992,
80.8992,213.25,159.50,-0.2499,1.9989,
80.9626,213.25,159.50,-0.2499,1.9989,
81.0273,213.25,159.75,-0.2499,1.7490,
81.0908,213.25,159.75,-0.2499,1.7490,
81.1707,213.25,159.50,-0.2499,1.9989,
81.2348,213.25,159.50,-0.2499,1.9989,
81.2986,213.25,159.50,-0.2499,1.9989,
81.3630,213.25,159.75,-0.2499,1.7490,
81.4268,213.25,159.50,-0.2499,1.9989,
81.4907,213.25,159.75,-0.2499,1.7490,
81.5707,213.25,159.50,-0.2499,1.9989,
81.6348,213.25,159.50,-0.2499,1.9989,
81.6987,213.25,159.50,-0.2499,1.9989,
81.8269,213.25,159.75,-0.2499,1.7490,
81.8907,213.25,159.75,-0.2499,1.7490,
81.9708,213.25,159.75,-0.2499,1.7490,
82.0347,213.25,159.75,-0.2499,1.7490,
82.0988,213.25,159.75,-0.2499,1.7490,
82.1627,213.25,159.50,-0.2499,1.9989,
82.2267,213.25,159.50,-0.2499,1.9989,
82.2912,213.25,159.75,-0.2499,1.7490,
82.3708,213.25,159.75,-0.2499,1.7490,
82.4350,213.25,159.50,-0.2499,1.9989,
82.4987,213.75,159.75,0.2499,1.7490,
82.5631,213.25,159.50,-0.2499,1.9989,
82.6267,213.25,159.75,-0.2499,1.7490,
82.6913,213.25,159.50,-0.2499,1.9989,
82.7707,213.25,159.50,-0.2499,1.9989,
82.8347,213.25,159.50,-0.2499,1.9989,
82.8988,213.25,159.50,-0.2499,1.9989,
82.9628,213.75,159.75,0.2499,1.7490,
83.0267,213.25,159.75,-0.2499,1.7490,
83.0907,213.25,159.75,-0.2499,1.7490,
83.1709,213.25,159.50,-0.2499,1.9989,
83.2348,213.25,159.50,-0.2499,1.9989,
83.2987,213.25,159.75,-0.2499,1.7490,
83.3630,213.25,159.75,-0.2499,1.7490,
83.4265,213.25,159.50,-0.2499,1.9989,
83.4908,213.25,159.75,-0.2499,1.7490,
83.5708,213.25,159.75,-0.2499,1.7490,
83.6349,213.25,159.50,-0.2499,1.9989,
83.6990,213.25,159.75,-0.2499,1.7490,
83.7628,213.50,160.00,0.0000,1.4992,
83.8268,213.25,159.75,-0.2499,1.7490,
83.8909,213.25,159.75,-0.2499,1.7490,
83.9708,213.25,159.75,-0.2499,1.7490,
84.0349,213.25,159.50,-0.2499,1.9989,
84.0990,213.25,159.50,-0.2499,1.9989,
84.1627,213.25,159.50,-0.2499,1.9989,
84.2269,213.25,159.75,-0.2499,1.7490,
84.2908,213.25,159.50,-0.2499,1.9989,
84.3708,213.25,159.50,-0.2499,1.9989,
84.4349,213.25,159.75,-0.2499,1.7490,
84.4985,213.25,159.50,-0.2499,1.9989,
84.5632,213.25,159.75,-0.2499,1.7490,
84.6268,213.25,159.50,-0.2499,1.9989,
84.6913,213.25,159.75,-0.2499,1.7490,
84.7708,213.50,160.00,0.0000,1.4992,
84.8347,213.25,159.50,-0.2499,1.9989,
84.8986,213.25,159.75,-0.2499,1.7490,
84.9628,213.25,159.75,-0.2499,1.7490,
85.0278,213.25,159.50,-0.2499,1.9989,
85.1708,213.25,159.50,-0.2499,1.9989,
85.2349,213.25,159.50,-0.2499,1.9989,
85.2990,213.25,160.00,-0.2499,1.4992,
85.3627,213.25,159.50,-0.2499,1.9989,
85.4282,213.25,159.75,-0.2499,1.7490,
85.4912,213.25,159.50,-0.2499,1.9989,
85.5707,213.25,159.50,-0.2499,1.9989,
85.6351,213.25,159.75,-0.2499,1.7490,
85.7633,213.25,159.50,-0.2499,1.9989,
85.8271,213.25,159.75,-0.2499,1.7490,
85.8911,213.25,159.50,-0.2499,1.9989,
85.9708,213.25,159.75,-0.2499,1.7490,
86.0349,213.25,159.50,-0.2499,1.9989,
86.1631,213.25,159.50,-0.2499,1.9989,
86.2275,213.25,159.75,-0.2499,1.7490,
86.2909,213.75,159.75,0.2499,1.7490,
86.4348,213.25,159.75,-0.2499,1.7490,
86.4990,213.25,159.75,-0.2499,1.7490,
86.5628,213.25,159.75,-0.2499,1.7490,
86.6269,213.25,159.50,-0.2499,1.9989,
86.6909,213.25,159.50,-0.2499,1.9989,
86.7708,213.25,159.50,-0.2499,1.9989,
86.8348,213.25,159.50,-0.2499,1.9989,
86.8991,213.25,159.75,-0.2499,1.7490,
86.9633,213.25,159.50,-0.2499,1.9989,
87.0277,213.25,159.50,-0.2499,1.9989,
87.0908,213.25,159.75,-0.2499,1.7490,
87.1709,213.25,159.75,-0.2499,1.7490,
87.2348,213.25,159.50,-0.2499,1.9989,
87.2989,213.25,159.50,-0.2499,1.9989,
87.3628,213.25,159.75,-0.2499,1.7490,
87.4270,213.25,159.50,-0.2499,1.9989,
87.4909,213.25,159.50,-0.2499,1.9989,
87.5705,213.25,159.75,-0.2499,1.7490,
87.6349,213.25,159.75,-0.2499,1.7490,
87.6989,213.25,159.75,-0.2499,1.7490,
87.7634,213.25,159.50,-0.2499,1.9989,
87.8269,213.25,159.50,-0.2499,1.9989,
87.8912,213.25,159.50,-0.2499,1.9989,
87.9709,213.25,159.75,-0.2499,1.7490,
88.0348,213.25,159.75,-0.2499,1.7490,
88.0992,213.25,159.50,-0.2499,1.9989,
88.1629,213.25,159.50,-0.2499,1.9989,
88.2269,213.25,159.50,-0.2499,1.9989,
88.2909,213.25,159.50,-0.2499,1.9989,
88.3709,213.25,159.75,-0.2499,1.7490,
88.4350,213.25,159.75,-0.2499,1.7490,
88.4993,213.25,159.75,-0.2499,1.7490,
88.5636,213.25,159.75,-0.2499,1.7490,
88.6271,213.25,159.50,-0.2499,1.9989,
88.6915,213.25,159.50,-0.2499,1.9989,
88.7706,213.25,159.75,-0.2499,1.7490,
88.8349,213.25,159.50,-0.2499,1.9989,
88.8989,213.25,159.50,-0.2499,1.9989,
88.9635,213.25,159.50,-0.2499,1.9989,
89.0273,213.25,159.75,-0.2499,1.7490,
89.0912,213.50,160.00,0.0000,1.4992,
89.1710,213.25,159.75,-0.2499,1.7490,
89.2349,213.25,159.50,-0.2499,1.9989,
89.2990,213.25,159.50,-0.2499,1.9989,
89.3630,213.25,159.75,-0.2499,1.7490,
89.4270,213.25,159.50,-0.2499,1.9989,
89.4910,213.25,159.75,-0.2499,1.7490,
89.6357,213.25,159.75,-0.2499,1.7490,
89.6988,213.25,159.75,-0.2499,1.7490,
89.7633,213.25,159.75,-0.2499,1.7490,
89.8269,213.25,159.50,-0.2499,1.9989,
89.8909,213.25,159.50,-0.2499,1.9989,
89.9709,213.75,159.75,0.2499,1.7490,
90.0349,213.25,159.75,-0.2499,1.7490,
90.0994,213.25,159.75,-0.2499,1.7490,
90.2269,213.25,159.75,-0.2499,1.7490,
90.2909,213.25,159.50,-0.2499,1.9989,
90.3710,213.25,159.50,-0.2499,1.9989,
90.4351,213.25,159.50,-0.2499,1.9989,
90.4990,213.25,159.75,-0.2499,1.7490,
90.5630,213.25,159.75,-0.2499,1.7490,
90.6277,213.25,159.50,-0.2499,1.9989,
90.6910,213.25,159.50,-0.2499,1.9989,
90.7709,213.25,159.50,-0.2499,1.9989,
90.8349,213.25,159.75,-0.2499,1.7490,
90.8989,213.25,159.50,-0.2499,1.9989,
90.9629,213.25,159.75,-0.2499,1.7490,
91.0270,213.25,159.75,-0.2499,1.7490,
91.0910,213.25,159.75,-0.2499,1.7490,
91.1709,213.25,159.50,-0.2499,1.9989,
91.2350,213.25,159.75,-0.2499,1.7490,
91.2990,213.25,159.50,-0.2499,1.9989,
91.3630,213.25,159.75,-0.2499,1.7490,
91.4272,213.25,159.75,-0.2499,1.7490,
91.4913,213.25,159.50,-0.2499,1.9989,
91.5710,213.25,159.50,-0.2499,1.9989,
91.6350,213.25,159.50,-0.2499,1.9989,
91.6991,213.25,159.50,-0.2499,1.9989,
91.7630,213.25,159.75,-0.2499,1.7490,
91.8271,213.25,159.50,-0.2499,1.9989,
91.8910,213.25,159.75,-0.2499,1.7490,
91.9709,213.25,159.50,-0.2499,1.9989,
92.0350,213.25,159.75,-0.2499,1.7490,
92.0990,213.25,159.75,-0.2499,1.7490,
92.1631,213.25,159.50,-0.2499,1.9989,
92.2270,213.25,159.75,-0.2499,1.7490,
92.2910,213.25,159.75,-0.2499,1.7490,
92.3710,213.25,159.50,-0.2499,1.9989,
92.4350,213.25,159.75,-0.2499,1.7490,
92.4990,213.25,159.50,-0.2499,1.9989,
92.5631,213.25,159.75,-0.2499,1.7490,
92.6273,213.25,159.75,-0.2499,1.7490,
92.6912,213.25,159.75,-0.2499,1.7490,
92.7711,213.25,159.50,-0.2499,1.9989,
92.8350,213.25,159.75,-0.2499,1.7490,
92.8993,213.25,159.50,-0.2499,1.9989,
92.9628,213.25,159.50,-0.2499,1.9989,
93.0270,213.25,159.75,-0.2499,1.7490,
93.0910,213.25,159.75,-0.2499,1.7490,
93.1710,213.25,159.50,-0.2499,1.9989,
93.2351,213.25,159.50,-0.2499,1.9989,
93.2991,213.25,159.50,-0.2499,1.9989,
93.3631,213.25,159.75,-0.2499,1.7490,
93.4273,213.25,159.75,-0.2499,1.7490,
93.4913,213.25,159.50,-0.2499,1.9989,
93.5710,213.25,159.50,-0.2499,1.9989,
93.6351,213.25,159.75,-0.2499,1.7490,
93.6996,213.25,159.50,-0.2499,1.9989,
93.7630,213.25,159.75,-0.2499,1.7490,
93.8272,213.25,159.75,-0.2499,1.7490,
93.8911,213.25,159.75,-0.2499,1.7490,
93.9711,213.25,159.50,-0.2499,1.9989,
94.0991,213.25,159.50,-0.2499,1.9989,
94.1634,213.25,159.50,-0.2499,1.9989,
94.2272,213.25,159.50,-0.2499,1.9989,
94.2912,213.25,159.75,-0.2499,1.7490,
94.3711,213.25,159.75,-0.2499,1.7490,
94.4351,213.25,159.75,-0.2499,1.7490,
94.4991,213.25,159.75,-0.2499,1.7490,
94.5632,213.25,159.75,-0.2499,1.7490,
94.6268,213.25,159.75,-0.2499,1.7490,
94.6910,213.25,159.50,-0.2499,1.9989,
94.7710,213.25,159.50,-0.2499,1.9989,
94.8351,213.25,159.75,-0.2499,1.7490,
94.8989,213.25,159.50,-0.2499,1.9989,
94.9628,213.25,159.50,-0.2499,1.9989,
95.0271,213.25,159.50,-0.2499,1.9989,
95.0912,213.25,159.75,-0.2499,1.7490,
95.1712,213.25,159.75,-0.2499,1.7490,
95.2356,213.25,159.75,-0.2499,1.7490,
95.2992,213.25,159.75,-0.2499,1.7490,
95.3630,213.25,159.75,-0.2499,1.7490,
95.4274,213.25,159.50,-0.2499,1.9989,
95.4911,213.25,159.75,-0.2499,1.7490,
95.5708,213.25,159.50,-0.2499,1.9989,
95.6351,213.25,159.75,-0.2499,1.7490,
95.6993,213.25,159.75,-0.2499,1.7490,
95.7632,213.25,159.50,-0.2499,1.9989,
95.8271,213.25,159.75,-0.2499,1.7490,
95.8912,213.25,159.75,-0.2499,1.7490,
95.9711,213.25,159.75,-0.2499,1.7490,
96.0351,213.25,159.50,-0.2499,1.9989,
96.0991,213.25,159.75,-0.2499,1.7490,
96.1633,213.25,159.50,-0.2499,1.9989,
96.2271,213.25,159.50,-0.2499,1.9989,
96.2911,213.25,159.75,-0.2499,1.7490,
96.3712,213.25,159.50,-0.2499,1.9989,
96.4350,213.25,159.75,-0.2499,1.7490,
96.4997,213.25,159.75,-0.2499,1.7490,
96.5634,213.25,159.75,-0.2499,1.7490,
96.6273,213.25,159.50,-0.2499,1.9989,
96.6912,213.25,159.75,-0.2499,1.7490,
96.7711,213.25,159.50,-0.2499,1.9989,
96.8351,213.25,159.75,-0.2499,1.7490,
96.8991,213.25,159.50,-0.2499,1.9989,
96.9631,213.25,159.75,-0.2499,1.7490,
97.0271,213.25,159.75,-0.2499,1.7490,
97.0911,213.25,159.75,-0.2499,1.7490,
97.1710,213.25,159.75,-0.2499,1.7490,
97.2352,213.25,159.50,-0.2499,1.9989,
97.2992,213.25,159.75,-0.2499,1.7490,
97.3631,213.25,159.50,-0.2499,1.9989,
97.4274,213.25,159.50,-0.2499,1.9989,
97.4911,213.25,159.50,-0.2499,1.9989,
97.5712,213.25,159.75,-0.2499,1.7490,
97.6352,213.25,159.75,-0.2499,1.7490,
97.6992,213.25,159.50,-0.2499,1.9989,
97.7633,213.25,159.50,-0.2499,1.9989,
97.8271,213.25,159.75,-0.2499,1.7490,
97.8913,213.25,159.75,-0.2499,1.7490,
97.9712,213.25,159.50,-0.2499,1.9989,
98.0352,213.25,159.75,-0.2499,1.7490,
98.0991,213.25,159.75,-0.2499,1.7490,
98.1631,213.25,159.75,-0.2499,1.7490,
98.2271,213.25,159.75,-0.2499,1.7490,
98.2915,213.25,159.50,-0.2499,1.9989,
98.3714,213.25,159.75,-0.2499,1.7490,
98.4352,213.25,159.50,-0.2499,1.9989,
98.4998,213.25,159.75,-0.2499,1.7490,
98.5632,213.25,159.75,-0.2499,1.7490,
98.6269,213.25,159.75,-0.2499,1.7490,
98.6911,213.25,159.75,-0.2499,1.7490,
98.7711,213.25,159.75,-0.2499,1.7490,
98.8351,213.25,159.75,-0.2499,1.7490,
98.8991,213.25,159.50,-0.2499,1.9989,
98.9633,213.25,159.75,-0.2499,1.7490,
99.0273,213.25,159.75,-0.2499,1.7490,
99.0912,213.25,159.50,-0.2499,1.9989,
99.1712,213.25,159.75,-0.2499,1.7490,
99.2353,213.25,159.75,-0.2499,1.7490,
99.2992,213.25,159.75,-0.2499,1.7490,
99.3633,213.25,159.75,-0.2499,1.7490,
99.4273,213.25,159.75,-0.2499,1.7490,
99.4909,213.25,159.50,-0.2499,1.9989,
99.5711,213.25,159.75,-0.2499,1.7490,
99.6354,213.25,159.75,-0.2499,1.7490,
99.6992,213.25,159.75,-0.2499,1.7490,
99.7639,213.25,159.75,-0.2499,1.7490,
99.8272,213.25,159.75,-0.2499,1.7490,
99.8920,213.25,159.75,-0.2499,1.7490,
99.9712,213.25,159.75,-0.2499,1.7490,
100.0357,213.25,159.75,-0.2499,1.7490,
100.0990,213.25,159.75,-0.2499,1.7490,
100.1634,213.25,159.75,-0.2499,1.7490,
100.2272,213.25,159.50,-0.2499,1.9989,
100.2912,213.25,159.50,-0.2499,1.9989,
100.3712,213.25,159.75,-0.2499,1.7490,
100.4351,213.25,159.50,-0.2499,1.9989,
100.4994,213.25,159.75,-0.2499,1.7490,
100.5632,213.25,159.75,-0.2499,1.7490,
100.6273,213.25,159.50,-0.2499,1.9989,
100.6914,213.25,159.50,-0.2499,1.9989,
100.7712,213.25,159.75,-0.2499,1.7490,
100.8352,213.75,160.00,0.2499,1.4992,
100.8992,213.25,159.75,-0.2499,1.7490,
100.9634,213.25,159.50,-0.2499,1.9989,
101.0272,213.25,159.75,-0.2499,1.7490,
101.0913,213.25,159.75,-0.2499,1.7490,
101.1712,213.25,159.75,-0.2499,1.7490,
101.2351,213.25,159.75,-0.2499,1.7490,
101.2992,213.25,159.75,-0.2499,1.7490,
101.3635,213.25,159.75,-0.2499,1.7490,
101.4275,213.25,159.75,-0.2499,1.7490,
101.4920,213.25,159.75,-0.2499,1.7490,
101.5713,213.25,159.75,-0.2499,1.7490,
101.6352,213.25,159.50,-0.2499,1.9989,
101.6994,213.25,159.75,-0.2499,1.7490,
101.7633,213.25,159.50,-0.2499,1.9989,
101.8273,213.25,159.75,-0.2499,1.7490,
101.8912,213.25,159.75,-0.2499,1.7490,
101.9713,213.25,159.50,-0.2499,1.9989,
102.0353,213.25,159.75,-0.2499,1.7490,
102.0992,213.25,159.75,-0.2499,1.7490,
102.1633,213.25,159.75,-0.2499,1.7490,
102.2273,213.25,159.75,-0.2499,1.7490,
102.2914,213.25,159.75,-0.2499,1.7490,
102.3714,213.25,159.75,-0.2499,1.7490,
102.4353,213.25,159.75,-0.2499,1.7490,
102.4997,213.25,159.50,-0.2499,1.9989,
102.5631,213.25,159.50,-0.2499,1.9989,
102.6273,213.25,159.75,-0.2499,1.7490,
102.6912,213.25,159.75,-0.2499,1.7490,
102.7713,213.25,159.75,-0.2499,1.7490,
102.8352,213.25,159.50,-0.2499,1.9989,
102.8993,213.25,159.75,-0.2499,1.7490,
102.9633,213.25,159.75,-0.2499,1.7490,
103.0273,213.25,159.75,-0.2499,1.7490,
103.0916,213.25,159.50,-0.2499,1.9989,
103.1712,213.25,159.75,-0.2499,1.7490,
103.2354,213.25,159.75,-0.2499,1.7490,
103.2994,213.25,159.75,-0.2499,1.7490,
103.3635,213.25,159.75,-0.2499,1.7490,
103.4274,213.25,159.50,-0.2499,1.9989,
103.4911,213.25,159.50,-0.2499,1.9989,
103.5713,213.25,159.75,-0.2499,1.7490,
103.6352,213.25,159.50,-0.2499,1.9989,
103.6993,213.25,159.75,-0.2499,1.7490,
103.7632,213.25,159.50,-0.2499,1.9989,
103.8273,213.25,159.75,-0.2499,1.7490,
103.8913,213.25,159.50,-0.2499,1.9989,
103.9713,213.25,159.75,-0.2499,1.7490,
104.0354,213.25,159.50,-0.2499,1.9989,
104.0993,213.25,159.50,-0.2499,1.9989,
104.1634,213.25,159.75,-0.2499,1.7490,
104.2272,213.25,159.75,-0.2499,1.7490,
104.2914,213.25,159.50,-0.2499,1.9989,
104.3713,213.25,159.50,-0.2499,1.9989,
104.4369,213.25,159.75,-0.2499,1.7490,
104.4991,213.25,159.50,-0.2499,1.9989,
104.5632,213.25,159.75,-0.2499,1.7490,
104.6274,213.25,159.50,-0.2499,1.9989,
104.6915,213.25,159.75,-0.2499,1.7490,
104.7714,213.25,159.75,-0.2499,1.7490,
104.8353,213.25,159.75,-0.2499,1.7490,
104.8993,213.25,159.75,-0.2499,1.7490,
104.9634,213.25,159.50,-0.2499,1.9989,
105.0278,213.25,159.75,-0.2499,1.7490,
105.0922,213.25,159.75,-0.2499,1.7490,
105.1714,213.25,159.75,-0.2499,1.7490,
105.2354,213.25,159.75,-0.2499,1.7490,
105.2993,213.25,159.75,-0.2499,1.7490,
105.3639,213.25,159.50,-0.2499,1.9989,
105.4273,213.25,159.50,-0.2499,1.9989,
105.4921,213.25,159.75,-0.2499,1.7490,
105.5712,213.25,159.75,-0.2499,1.7490,
105.6353,213.25,159.75,-0.2499,1.7490,
105.6994,213.25,159.50,-0.2499,1.9989,
105.7635,213.25,159.75,-0.2499,1.7490,
105.8274,213.25,159.75,-0.2499,1.7490,
105.8915,213.25,159.75,-0.2499,1.7490,
105.9714,213.25,159.75,-0.2499,1.7490,
106.0356,213.25,159.75,-0.2499,1.7490,
106.0992,213.25,159.75,-0.2499,1.7490,
106.1637,213.25,159.75,-0.2499,1.7490,
106.2273,213.25,159.75,-0.2499,1.7490,
106.2914,213.25,159.50,-0.2499,1.9989,
106.3714,213.25,159.75,-0.2499,1.7490,
106.4354,213.25,159.75,-0.2499,1.7490,
106.4997,213.25,159.75,-0.2499,1.7490,
106.5638,213.25,159.50,-0.2499,1.9989,
106.6275,213.25,159.50,-0.2499,1.9989,
106.6914,213.25,159.75,-0.2499,1.7490,
106.7714,213.25,159.75,-0.2499,1.7490,
106.8357,213.25,159.50,-0.2499,1.9989,
106.8994,213.25,159.50,-0.2499,1.9989,
106.9633,213.25,159.75,-0.2499,1.7490,
107.0276,213.25,159.50,-0.2499,1.9989,
107.0914,213.25,159.50,-0.2499,1.9989,
107.1714,213.25,159.50,-0.2499,1.9989,
107.2354,213.25,159.75,-0.2499,1.7490,
107.2994,213.25,159.50,-0.2499,1.9989,
107.3637,213.25,159.75,-0.2499,1.7490,
107.4276,213.25,159.75,-0.2499,1.7490,
107.4922,213.25,159.50,-0.2499,1.9989,
107.5715,213.25,159.50,-0.2499,1.9989,
107.6355,213.25,159.75,-0.2499,1.7490,
107.6994,213.25,159.50,-0.2499,1.9989,
107.7634,213.25,159.75,-0.2499,1.7490,
107.8276,213.25,159.75,-0.2499,1.7490,
107.8914,213.25,159.75,-0.2499,1.7490,
107.9713,213.25,159.75,-0.2499,1.7490,
108.0354,213.25,159.50,-0.2499,1.9989,
108.0994,213.25,159.75,-0.2499,1.7490,
108.1634,213.25,159.75,-0.2499,1.7490,
108.2272,213.25,159.75,-0.2499,1.7490,
108.2918,213.25,159.75,-0.2499,1.7490,
108.3714,213.25,159.75,-0.2499,1.7490,
108.4354,213.25,159.75,-0.2499,1.7490,
108.4995,213.25,159.75,-0.2499,1.7490,
108.5634,213.25,159.75,-0.2499,1.7490,
108.6276,213.25,159.75,-0.2499,1.7490,
108.7715,213.25,159.50,-0.2499,1.9989,
108.8354,213.25,159.75,-0.2499,1.7490,
108.8995,213.25,159.75,-0.2499,1.7490,
108.9636,213.25,159.75,-0.2499,1.7490,
109.0277,213.25,159.50,-0.2499,1.9989,
109.0913,213.25,159.75,-0.2499,1.7490,
109.1715,213.25,159.75,-0.2499,1.7490,
109.2356,213.25,159.75,-0.2499,1.7490,
109.2995,213.25,159.75,-0.2499,1.7490,
109.3635,213.25,159.75,-0.2499,1.7490,
109.4274,213.25,159.75,-0.2499,1.7490,
109.4915,213.25,159.75,-0.2499,1.7490,
109.5715,213.25,159.75,-0.2499,1.7490,
109.6355,213.25,159.50,-0.2499,1.9989,
109.7000,213.25,159.75,-0.2499,1.7490,
109.7634,213.25,159.75,-0.2499,1.7490,
109.8273,213.25,159.75,-0.2499,1.7490,
109.8915,213.25,159.75,-0.2499,1.7490,
109.9715,213.25,159.75,-0.2499,1.7490,
110.0355,213.25,159.75,-0.2499,1.7490,
110.1002,213.25,159.50,-0.2499,1.9989,
110.1637,213.25,159.75,-0.2499,1.7490,
110.2277,213.25,159.50,-0.2499,1.9989,
110.2919,213.25,159.50,-0.2499,1.9989,
110.3715,213.25,159.75,-0.2499,1.7490,
110.4354,213.25,159.50,-0.2499,1.9989,
110.4997,213.25,159.75,-0.2499,1.7490,
110.5635,213.25,159.75,-0.2499,1.7490,
110.6276,213.25,159.50,-0.2499,1.9989,
110.6920,213.25,159.75,-0.2499,1.7490,
110.7715,213.25,159.75,-0.2499,1.7490,
110.8355,213.25,159.75,-0.2499,1.7490,
110.8996,213.25,159.50,-0.2499,1.9989,
110.9641,213.25,159.75,-0.2499,1.7490,
111.0280,213.25,159.75,-0.2499,1.7490,
111.0915,213.25,159.75,-0.2499,1.7490,
111.1713,213.25,159.50,-0.2499,1.9989,
111.2355,213.25,159.75,-0.2499,1.7490,
111.3002,213.25,159.75,-0.2499,1.7490,
111.3636,213.25,159.75,-0.2499,1.7490,
111.4275,213.25,159.50,-0.2499,1.9989,
111.4916,213.25,159.75,-0.2499,1.7490,
111.5715,213.25,159.75,-0.2499,1.7490,
111.6355,213.25,159.50,-0.2499,1.9989,
111.6997,213.25,159.50,-0.2499,1.9989,
111.7646,213.25,159.75,-0.2499,1.7490,
111.8279,213.25,159.75,-0.2499,1.7490,
111.8915,213.25,159.75,-0.2499,1.7490,
111.9715,213.25,159.75,-0.2499,1.7490,
112.0357,213.25,159.75,-0.2499,1.7490,
112.0996,213.25,159.75,-0.2499,1.7490,
112.1636,213.25,159.50,-0.2499,1.9989,
112.2275,213.25,159.50,-0.2499,1.9989,
112.2915,213.25,159.50,-0.2499,1.9989,
112.3715,213.75,160.00,0.2499,1.4992,
112.4356,213.25,159.75,-0.2499,1.7490,
112.4996,213.25,159.75,-0.2499,1.7490,
112.5639,213.25,159.75,-0.2499,1.7490,
112.6276,213.25,159.50,-0.2499,1.9989,
112.6924,213.25,159.75,-0.2499,1.7490,
112.7717,213.25,159.75,-0.2499,1.7490,
112.8359,213.25,159.75,-0.2499,1.7490,
112.8995,213.25,159.50,-0.2499,1.9989,
112.9636,213.25,159.75,-0.2499,1.7490,
113.0281,213.25,159.75,-0.2499,1.7490,
113.0916,213.25,159.75,-0.2499,1.7490,
113.1716,213.25,159.50,-0.2499,1.9989,
113.2356,213.25,159.50,-0.2499,1.9989,
113.2998,213.25,159.50,-0.2499,1.9989,
113.3636,213.25,159.75,-0.2499,1.7490,
113.4277,213.25,159.75,-0.2499,1.7490,
113.4916,213.25,159.50,-0.2499,1.9989,
113.5715,213.25,159.75,-0.2499,1.7490,
113.6356,213.25,159.75,-0.2499,1.7490,
113.6998,213.25,159.75,-0.2499,1.7490,
113.7636,213.25,159.75,-0.2499,1.7490,
113.8276,213.25,159.75,-0.2499,1.7490,
113.8920,213.25,159.50,-0.2499,1.9989,
113.9716,213.25,159.75,-0.2499,1.7490,
114.0357,213.25,159.75,-0.2499,1.7490,
114.0999,213.25,159.50,-0.2499,1.9989,
114.1634,213.25,159.50,-0.2499,1.9989,
114.2276,213.25,159.50,-0.2499,1.9989,
114.2917,213.25,159.50,-0.2499,1.9989,
114.3715,213.25,159.50,-0.2499,1.9989,
114.4356,213.25,159.50,-0.2499,1.9989,
114.4996,213.25,159.75,-0.2499,1.7490,
114.5636,213.25,159.75,-0.2499,1.7490,
114.6278,213.25,159.75,-0.2499,1.7490,
114.6916,213.50,159.75,0.0000,1.7490,
114.7716,213.25,159.75,-0.2499,1.7490,
114.8356,213.25,159.75,-0.2499,1.7490,
114.8996,213.25,159.75,-0.2499,1.7490,
114.9636,213.25,159.75,-0.2499,1.7490,
115.0277,213.25,159.50,-0.2499,1.9989,
115.0916,213.25,159.75,-0.2499,1.7490,
115.1716,213.25,159.75,-0.2499,1.7490,
115.2356,213.25,159.50,-0.2499,1.9989,
115.3000,213.25,159.50,-0.2499,1.9989,
115.3636,213.25,159.75,-0.2499,1.7490,
115.4279,213.25,159.75,-0.2499,1.7490,
115.4923,213.25,159.50,-0.2499,1.9989,
115.5716,213.25,159.50,-0.2499,1.9989,
115.6356,213.25,159.50,-0.2499,1.9989,
115.6996,213.25,159.50,-0.2499,1.9989,
115.7635,213.25,159.50,-0.2499,1.9989,
115.8276,213.25,159.50,-0.2499,1.9989,
115.8917,213.25,159.75,-0.2499,1.7490,
115.9714,213.25,159.75,-0.2499,1.7490,
116.0357,213.25,159.50,-0.2499,1.9989,
116.0996,213.25,159.50,-0.2499,1.9989,
116.1636,213.25,159.75,-0.2499,1.7490,
116.2276,213.25,159.50,-0.2499,1.9989,
116.2916,213.25,159.75,-0.2499,1.7490,
116.3715,213.25,159.50,-0.2499,1.9989,
116.4357,213.25,159.75,-0.2499,1.7490,
116.4999,213.25,159.50,-0.2499,1.9989,
116.5637,213.25,159.75,-0.2499,1.7490,
116.6276,213.25,159.75,-0.2499,1.7490,
116.6917,213.25,159.75,-0.2499,1.7490,
116.7716,213.25,159.75,-0.2499,1.7490,
116.8357,213.25,159.75,-0.2499,1.7490,
116.8997,213.25,159.75,-0.2499,1.7490,
116.9637,213.75,160.00,0.2499,1.4992,
117.0279,213.25,159.50,-0.2499,1.9989,
117.0916,213.25,159.75,-0.2499,1.7490,
117.1718,213.25,159.75,-0.2499,1.7490,
117.2357,213.25,159.75,-0.2499,1.7490,
117.2997,213.25,159.75,-0.2499,1.7490,
117.3637,213.25,159.50,-0.2499,1.9989,
117.4277,213.25,159.75,-0.2499,1.7490,
117.4916,213.25,159.50,-0.2499,1.9989,
117.5717,213.25,159.75,-0.2499,1.7490,
117.6357,213.25,159.50,-0.2499,1.9989,
117.6994,213.25,159.75,-0.2499,1.7490,
117.7638,213.25,159.75,-0.2499,1.7490,
117.8276,213.25,159.50,-0.2499,1.9989,
117.8917,213.25,159.75,-0.2499,1.7490,
117.9717,213.25,159.50,-0.2499,1.9989,
118.0997,213.25,159.75,-0.2499,1.7490,
118.1635,213.25,159.50,-0.2499,1.9989,
118.2277,213.25,159.75,-0.2499,1.7490,
118.2917,213.25,159.75,-0.2499,1.7490,
118.3717,213.25,159.50,-0.2499,1.9989,
118.4363,213.25,159.50,-0.2499,1.9989,
118.4997,213.25,159.75,-0.2499,1.7490,
118.5637,213.25,159.75,-0.2499,1.7490,
118.6279,213.25,159.75,-0.2499,1.7490,
118.6918,213.25,159.75,-0.2499,1.7490,
118.7714,213.25,159.75,-0.2499,1.7490,
118.8357,213.25,159.75,-0.2499,1.7490,
118.8997,213.25,159.75,-0.2499,1.7490,
118.9637,213.25,159.50,-0.2499,1.9989,
119.0277,213.25,159.50,-0.2499,1.9989,
119.0915,213.25,159.50,-0.2499,1.9989,
119.1717,213.25,159.50,-0.2499,1.9989,
119.2357,213.25,159.75,-0.2499,1.7490,
119.2999,213.25,159.75,-0.2499,1.7490,
119.3637,213.25,159.50,-0.2499,1.9989,
119.4279,213.25,159.75,-0.2499,1.7490,
119.4919,213.25,159.75,-0.2499,1.7490,
119.5717,213.25,159.50,-0.2499,1.9989,
119.6358,213.25,159.50,-0.2499,1.9989,
119.6997,213.25,159.50,-0.2499,1.9989,
119.7638,213.25,159.75,-0.2499,1.7490,
119.8278,213.25,159.75,-0.2499,1.7490,
119.8918,213.25,159.75,-0.2499,1.7490,
119.9718,213.25,159.75,-0.2499,1.7490,
120.0358,213.25,159.75,-0.2499,1.7490,
120.1000,213.25,159.75,-0.2499,1.7490,
120.1640,213.25,159.50,-0.2499,1.9989,
120.2280,213.25,159.75,-0.2499,1.7490,
120.2918,213.25,159.75,-0.2499,1.7490,
120.3717,213.25,159.50,-0.2499,1.9989,
120.5000,213.25,159.75,-0.2499,1.7490,
120.5638,213.25,159.75,-0.2499,1.7490,
120.6278,213.25,159.75,-0.2499,1.7490,
120.6921,213.25,159.50,-0.2499,1.9989,
120.7718,213.25,159.75,-0.2499,1.7490,
120.8361,213.25,159.75,-0.2499,1.7490,
120.8998,213.50,159.75,0.0000,1.7490,
120.9647,213.25,159.75,-0.2499,1.7490,
121.0278,213.25,159.75,-0.2499,1.7490,
121.0921,213.25,159.75,-0.2499,1.7490,
121.1718,213.25,159.50,-0.2499,1.9989,
121.2355,213.25,159.75,-0.2499,1.7490,
121.2999,213.25,159.50,-0.2499,1.9989,
121.3642,213.25,159.50,-0.2499,1.9989,
121.4278,213.25,159.50,-0.2499,1.9989,
121.4918,213.25,159.75,-0.2499,1.7490,
121.5719,213.25,159.50,-0.2499,1.9989,
121.6357,213.25,159.75,-0.2499,1.7490,
121.6995,213.25,159.75,-0.2499,1.7490,
121.7640,213.25,159.75,-0.2499,1.7490,
121.8282,213.25,159.75,-0.2499,1.7490,
121.8920,213.25,159.75,-0.2499,1.7490,
121.9718,213.25,159.50,-0.2499,1.9989,
122.0363,213.25,159.75,-0.2499,1.7490,
122.0998,213.25,159.50,-0.2499,1.9989,
122.1637,213.25,159.75,-0.2499,1.7490,
122.2278,213.25,159.75,-0.2499,1.7490,
122.2918,213.25,159.75,-0.2499,1.7490,
122.3718,213.25,159.75,-0.2499,1.7490,
122.4358,213.25,159.75,-0.2499,1.7490,
122.5002,213.25,159.75,-0.2499,1.7490,
122.5643,213.25,159.75,-0.2499,1.7490,
122.6277,213.25,159.50,-0.2499,1.9989,
122.6919,213.25,159.50,-0.2499,1.9989,
122.7718,213.25,159.75,-0.2499,1.7490,
122.8358,213.25,159.75,-0.2499,1.7490,
122.8999,213.25,159.50,-0.2499,1.9989,
122.9638,213.25,159.75,-0.2499,1.7490,
123.0280,213.25,159.50,-0.2499,1.9989,
123.0926,213.25,159.75,-0.2499,1.7490,
123.1719,213.25,159.75,-0.2499,1.7490,
123.2355,213.25,159.50,-0.2499,1.9989,
123.2999,213.25,159.50,-0.2499,1.9989,
123.3638,213.25,159.50,-0.2499,1.9989,
123.4278,213.25,159.75,-0.2499,1.7490,
123.4921,213.25,159.50,-0.2499,1.9989,
123.5719,213.25,159.75,-0.2499,1.7490,
123.6366,213.25,159.50,-0.2499,1.9989,
123.6995,213.25,159.50,-0.2499,1.9989,
123.7640,213.25,159.50,-0.2499,1.9989,
123.8278,213.25,159.75,-0.2499,1.7490,
123.8919,213.25,159.75,-0.2499,1.7490,
123.9718,213.25,159.75,-0.2499,1.7490,
124.0359,213.50,159.75,0.0000,1.7490,
124.0999,213.25,159.50,-0.2499,1.9989,
124.1639,213.25,159.75,-0.2499,1.7490,
124.2279,213.25,159.50,-0.2499,1.9989,
124.2919,213.25,159.75,-0.2499,1.7490,
124.3719,213.25,159.75,-0.2499,1.7490,
124.4356,213.25,159.50,-0.2499,1.9989,
124.5000,213.25,159.50,-0.2499,1.9989,
124.5641,213.25,159.75,-0.2499,1.7490,
124.6279,213.25,159.75,-0.2499,1.7490,
124.6923,213.25,159.75,-0.2499,1.7490,
124.7719,213.25,159.75,-0.2499,1.7490,
124.8359,213.25,159.50,-0.2499,1.9989,
124.8998,213.25,159.75,-0.2499,1.7490,
124.9645,213.25,159.75,-0.2499,1.7490,
125.0279,213.25,159.75,-0.2499,1.7490,
125.0925,213.25,159.50,-0.2499,1.9989,
125.1720,213.25,159.75,-0.2499,1.7490,
125.2358,213.25,159.50,-0.2499,1.9989,
125.3000,213.25,159.75,-0.2499,1.7490,
125.3638,213.25,159.75,-0.2499,1.7490,
125.4281,213.25,159.50,-0.2499,1.9989,
125.4919,213.25,159.50,-0.2499,1.9989,
125.5721,213.25,159.75,-0.2499,1.7490,
125.6359,213.25,159.75,-0.2499,1.7490,
125.7002,213.25,159.50,-0.2499,1.9989,
125.7640,213.25,159.50,-0.2499,1.9989,
125.8279,213.25,159.50,-0.2499,1.9989,
125.8922,213.25,159.50,-0.2499,1.9989,
125.9719,213.50,159.75,0.0000,1.7490,
126.0359,213.25,159.50,-0.2499,1.9989,
126.0999,213.25,159.75,-0.2499,1.7490,
126.1641,213.75,160.00,0.2499,1.4992,
126.2280,213.75,160.00,0.2499,1.4992,
126.2922,213.25,159.75,-0.2499,1.7490,
126.3720,213.25,159.75,-0.2499,1.7490,
126.4359,213.25,159.50,-0.2499,1.9989,
126.5008,213.25,159.50,-0.2499,1.9989,
126.5640,213.25,159.50,-0.2499,1.9989,
126.6280,213.25,159.75,-0.2499,1.7490,
126.6921,213.75,160.00,0.2499,1.4992,
126.7719,213.50,159.75,0.0000,1.7490,
126.8361,213.25,159.75,-0.2499,1.7490,
126.8999,213.50,159.75,0.0000,1.7490,
126.9645,213.25,159.50,-0.2499,1.9989,
127.0279,213.25,159.50,-0.2499,1.9989,
127.0923,213.25,159.75,-0.2499,1.7490,
127.1721,213.75,160.00,0.2499,1.4992,
127.2357,213.25,159.50,-0.2499,1.9989,
127.3004,213.25,159.75,-0.2499,1.7490,
127.3640,213.25,159.50,-0.2499,1.9989,
127.4280,213.25,159.50,-0.2499,1.9989,
127.4919,213.75,160.00,0.2499,1.4992,
127.5720,213.25,159.75,-0.2499,1.7490,
127.6360,213.50,159.75,0.0000,1.7490,
127.6997,213.25,159.75,-0.2499,1.7490,
127.7642,213.25,159.75,-0.2499,1.7490,
127.8281,213.25,159.75,-0.2499,1.7490,
127.8920,213.25,159.50,-0.2499,1.9989,
127.9719,213.25,159.75,-0.2499,1.7490,
128.0360,213.25,159.50,-0.2499,1.9989,
128.1002,213.25,159.50,-0.2499,1.9989,
128.1644,213.25,159.50,-0.2499,1.9989,
128.2280,213.25,159.75,-0.2499,1.7490,
128.2922,213.25,159.75,-0.2499,1.7490,
128.3720,213.25,159.75,-0.2499,1.7490,
128.4359,213.75,160.00,0.2499,1.4992,
128.5002,213.75,160.00,0.2499,1.4992,
128.5640,213.25,159.50,-0.2499,1.9989,
128.6284,213.25,159.50,-0.2499,1.9989,
128.6920,213.75,160.00,0.2499,1.4992,
128.7723,213.25,159.75,-0.2499,1.7490,
128.8361,213.25,159.75,-0.2499,1.7490,
128.9000,213.25,159.75,-0.2499,1.7490,
128.9638,213.25,159.75,-0.2499,1.7490,
129.0280,213.25,159.75,-0.2499,1.7490,
129.0918,213.25,159.50,-0.2499,1.9989,
129.1719,213.75,160.00,0.2499,1.4992,
129.2360,213.25,159.50,-0.2499,1.9989,
129.3003,213.25,159.75,-0.2499,1.7490,
129.3642,213.25,159.50,-0.2499,1.9989,
129.4281,213.25,159.75,-0.2499,1.7490,
129.4920,213.25,159.75,-0.2499,1.7490,
129.5721,213.25,159.50,-0.2499,1.9989,
129.6360,213.25,159.75,-0.2499,1.7490,
129.7643,213.25,159.75,-0.2499,1.7490,
129.8281,213.25,159.50,-0.2499,1.9989,
129.8919,213.25,159.75,-0.2499,1.7490,
129.9718,213.75,160.00,0.2499,1.4992,
130.0360,213.75,159.75,0.2499,1.7490,
130.1001,213.25,159.75,-0.2499,1.7490,
130.1640,213.75,159.75,0.2499,1.7490,
